,word,frequency
0,el,3368003
1,de,2866652
2,en,1355085
3,y,980403
4,ser,892446
5,un,854017
6,a,542198
7,que,513735
8,del,460602
9,suyo,380397
10,se,338684
11,por,326163
12,con,295490
13,para,245769
14,como,218391
15,él,178418
16,haber,174310
17,al,158598
18,este,157445
19,más,132260
20,no,131102
21,estar,126589
22,tener,119340
23,of,111868
24,año,105037
25,o,102614
26,primero,93591
27,poder,90536
28,the,88369
29,también,84451
30,otro,77738
31,The,76743
32,grande,72312
33,hacer,70818
34,pero,66419
35,and,63904
36,dos,63031
37,ciudad,61503
38,entre,61482
39,todo,55582
40,durante,53909
41,estado,53268
42,condado,51503
43,desde,49925
44,cuando,49076
45,familia,48994
46,nuevo,48217
47,in,46525
48,población,46456
49,estadounidense,46190
50,parte,45572
51,ese,44909
52,hasta,44281
53,sobre,44174
54,ir,42294
55,encontrar,42043
56,conocer,40613
57,mucho,39467
58,incluir,37324
59,dar,36827
60,alguno,35110
61,decir,35078
62,donde,34874
63,segundo,34613
64,ubicar,33671
65,nombre,33593
66,uno,32886
67,hijo,32726
68,especie,32435
69,mismo,32065
70,erar|ser,31910
71,álbum,31544
72,grupo,31053
73,pequeño,30507
74,ver,30128
75,tres,29281
76,bajo,28815
77,si,28779
78,historia,28679
79,bueno,28339
80,vez,28182
81,serie,27902
82,canción,27852
83,total,27776
84,yo,27514
85,escribir,26889
86,muy,26884
87,varios,26632
88,guerra,25879
89,comenzar,25523
90,banda,25100
91,película,25092
92,to,25068
93,final,24888
94,cualquier,24738
95,isla,24586
96,miembro,24569
97,llamar,24398
98,usar,24360
99,universidad,24174
100,cual,24172
101,día,23483
102,lugar,23476
103,equipo,23311
104,sur,23004
105,utilizar,22953
106,tiempo,22942
107,nacer,22867
108,cada,22494
109,norte,22439
110,vida,22256
111,nacional,22249
112,isbn,22211
113,persona,22163
114,antes,22048
115,lanzar,22026
116,convertir,21537
117,principal,21506
118,julio,21468
119,ganar,21292
120,trabajar,21134
121,formar,21107
122,mundo,21025
123,publicar,21024
124,pasar,20994
125,llevar,20969
126,aunque,20968
127,llegar,20963
128,contra,20906
129,río,20846
130,raza,20768
131,sólo,20708
132,último,20536
133,km²,20488
134,siglo,20411
135,sin,20308
136,forma,20039
137,versión,20016
138,crear,19975
139,octubre,19735
140,Santo,19711
141,quien,19548
142,enero,19490
143,mayo,19457
144,junio,19434
145,John,19336
146,sistema,19327
147,provincia,19220
148,pueblo,19127
149,producir,19062
150,estudio,19015
151,padre,18987
152,número,18919
153,país,18839
154,juego,18819
155,recibir,18811
156,partido,18675
157,septiembre,18431
158,abril,18356
159,noviembre,18099
160,agosto,17956
161,francés,17930
162,temporada,17763
163,región,17722
164,trabajo,17681
165,deber,17655
166,New,17621
167,tomar,17617
168,medio,17578
169,diciembre,17569
170,seguir,17384
171,latino,17359
172,marzo,17350
173,aparecer,17319
174,actor,17274
175,entonces,17194
176,hermano,17153
177,febrero,17099
178,obra,17053
179,cuatro,17011
180,municipio,17004
181,luego,16932
182,hombre,16853
183,mujer,16802
184,importante,16785
185,construir,16761
186,tierra,16754
187,premio,16708
188,alemán,16701
189,gobierno,16489
190,hacia,16454
191,así,16412
192,vivir,16313
193,referencia,16273
194,general,16198
195,hispano,16044
196,internacional,16012
197,tras,15888
198,libro,15805
199,for,15779
200,solo,15760
201,dirigir,15737
202,música,15652
203,morir,15553
204,área,15549
205,siguiente,15496
206,casa,15422
207,presidente,15404
208,rey,15303
209,tarde,15234
210,realizar,15131
211,oficial,15123
212,densidad,15121
213,on,15117
214,agua,15088
215,centro,15039
216,pertenecer,15019
217,género,15005
218,alto,14906
219,querer,14731
220,dejar,14729
221,carrera,14725
222,antiguo,14654
223,después,14606
224,club,14482
225,propio,14462
226,porque,14398
227,localidad,14364
228,mundial,14359
229,cerca,14309
230,tipo,14270
231,volver,14221
232,único,14152
233,distrito,14123
234,director,14111
235,mío,14101
236,tratar,14053
237,muerte,14028
238,además,14021
239,I,13997
240,político,13924
241,situar,13900
242,ahora,13754
243,jugar,13690
244,diferente,13645
245,inglés,13570
246,ya,13469
247,fuerza,13458
248,mostrar,13445
249,poner,13301
250,según,13286
251,británico,13217
252,punto,13101
253,considerar,13015
254,junto,12952
255,desarrollar,12839
256,permitir,12797
257,línea,12786
258,fundar,12711
259,español,12691
260,Francia,12679
261,ejército,12654
262,Press,12552
263,red,12495
264,escuela,12404
265,habitante,12316
266,tercero,12202
267,enlace,12197
268,edad,12096
269,II,12093
270,compañía,12064
271,externo,12047
272,arte,12045
273,nombrar,12031
274,original,12031
275,saber,12016
276,jugador,11972
277,italiano,11911
278,university,11895
279,niño,11782
280,planta,11760
281,papel,11754
282,per,11713
283,mientras,11693
284,proyecto,11660
285,título,11574
286,programa,11572
287,batalla,11529
288,nosotros,11521
289,establecer,11521
290,iglesia,11458
291,pocos,11434
292,momento,11428
293,episodio,11390
294,zona,11388
295,real,11384
296,musical,11381
297,personaje,11355
298,obtener,11354
299,terminar,11339
300,Londres,11301
301,presentar,11290
302,mes,11283
303,California,11265
304,cinco,11131
305,servicio,11121
306,bien,11104
307,orden,11100
308,parecer,11032
309,capital,10949
310,central,10940
311,basar,10927
312,base,10916
313,alrededor,10836
314,militar,10820
315,censo,10781
316,cambiar,10757
317,cápita,10684
318,público,10684
319,perder,10643
320,España,10637
321,world,10611
322,modelo,10611
323,principio,10538
324,amigo,10521
325,casar,10503
326,mantener,10490
327,problema,10372
328,hablar,10371
329,China,10328
330,Alemania,10325
331,tal,10323
332,by,10317
333,éxito,10256
334,tanto,10240
335,contener,10220
336,cosa,10220
337,desarrollo,10196
338,producción,10184
339,millones,10169
340,David,10153
341,descubrir,10148
342,pensar,10147
343,unir,10141
344,edificio,10111
345,ambo,10064
346,describir,10017
347,empezar,10015
348,relación,10005
349,representar,9970
350,joven,9945
351,campo,9941
352,nuestro,9934
353,derecho,9900
354,artista,9850
355,oeste,9849
356,lista,9831
357,blanco,9825
358,república,9822
359,popular,9816
360,estudiar,9791
361,resultado,9785
362,Europa,9748
363,decidir,9747
364,México,9741
365,largo,9720
366,with,9694
367,qué,9677
368,algo,9659
369,interpretar,9632
370,existir,9624
371,from,9578
372,madre,9568
373,continuar,9560
374,caso,9550
375,local,9544
376,elegir,9533
377,escritor,9517
378,nivel,9501
379,renta,9455
380,anunciar,9416
381,tan,9401
382,participar,9335
383,sede,9312
384,menos,9223
385,regresar,9210
386,París,9158
387,empresa,9094
388,Italia,9094
389,casi,9086
390,diseño,9074
391,enviar,9039
392,uso,9029
393,movimiento,9006
394,componer,8999
395,grabar,8995
396,idea,8967
397,humano,8942
398,York,8937
399,james,8933
400,edición,8917
401,mayoría,8915
402,Japón,8885
403,entrar,8873
404,actual,8859
405,aquel,8823
406,manera,8806
407,profesor,8803
408,semana,8792
409,esposo,8774
410,museo,8774
411,cuerpo,8772
412,Inglaterra,8727
413,televisión,8724
414,A,8670
415,cuenta,8662
416,William,8624
417,sitio,8623
418,tema,8597
419,oficina,8536
420,príncipe,8519
421,natural,8517
422,seis,8495
423,quedar,8487
424,Juan,8467
425,Robert,8456
426,finalmente,8446
427,is,8442
428,video,8431
429,cómo,8384
430,futbol,8366
431,similar,8335
432,resto,8334
433,alcanzar,8332
434,Australia,8260
435,cantante,8258
436,social,8250
437,crear|creer,8194
438,rock,8174
439,gran,8130
440,actualmente,8128
441,cambio,8121
442,parque,8103
443,control,8096
444,servir,8092
445,negro,8082
446,división,8076
447,at,8065
448,comunidad,8060
449,aquí,8041
450,visitar,8023
451,Paul,7961
452,gente,7928
453,lado,7890
454,ciencia,7870
455,década,7862
456,territorio,7854
457,nunca,7852
458,estilo,7833
459,George,7825
460,anterior,7789
461,ministro,7777
462,Santa,7773
463,profesional,7765
464,costa,7725
465,llamada,7720
466,tú,7704
467,voz,7687
468,ninguno,7658
469,poco,7655
470,von,7654
471,color,7647
472,proceso,7622
473,departamento,7622
474,vender,7619
475,Michael,7573
476,aeropuerto,7571
477,diseñar,7557
478,allí,7556
479,unidad,7553
480,et,7543
481,ayudar,7541
482,investigación,7532
483,der,7475
484,campeonato,7459
485,común,7436
486,tocar,7432
487,posteriormente,7431
488,cuyo,7418
489,productor,7414
490,festival,7402
491,personal,7399
492,líder,7365
493,disco,7351
494,lograr,7346
495,clase,7328
496,ruso,7308
497,japonés,7295
498,radio,7272
499,incluso,7243
500,novelar,7228
501,ed,7225
502,posición,7189
503,ofrecer,7180
504,contar,7172
505,imagen,7134
506,fuerte,7124
507,superficie,7101
508,cuarto,7091
509,lago,7081
510,época,7057
511,occidental,7050
512,firmar,7047
513,liga,7047
514,teatro,7032
515,organización,7030
516,José,7026
517,India,7012
518,aún,6993
519,hogar,6992
520,posible,6978
521,fin,6976
522,mano,6974
523,evento,6953
524,fuente,6887
525,km,6879
526,estructura,6876
527,buscar,6875
528,construcción,6841
529,término,6836
530,cine,6834
531,Brasil,6831
532,famoso,6818
533,hora,6803
534,compositor,6796
535,intentar,6794
536,sociedad,6786
537,información,6773
538,unión,6773
539,hoy,6756
540,an,6735
541,metro,6722
542,conseguir,6715
543,dato,6707
544,estación,6704
545,libre,6685
546,you,6682
547,derrotar,6670
548,energía,6632
549,palabra,6622
550,rusia,6619
551,origen,6604
552,ley,6601
553,ex,6582
554,elección,6577
555,des,6574
556,especial,6555
557,cabeza,6508
558,salir,6500
559,científico,6495
560,completo,6491
561,ataque,6488
562,trasladar,6451
563,ave,6448
564,reconocer,6441
565,ante,6432
566,siempre,6427
567,estrella,6424
568,luz,6394
569,moderno,6390
570,imperio,6380
571,as,6380
572,tamaño,6368
573,María,6354
574,ocupar,6349
575,América,6334
576,music,6334
577,período,6333
578,sencillo,6294
579,operación,6293
580,dios,6290
581,acuerdo,6277
582,histórico,6273
583,pp,6272
584,superior,6267
585,autor,6265
586,Peter,6262
587,species,6255
588,celebrar,6254
589,crecer,6253
590,American,6249
591,Francisco,6219
592,motor,6210
593,cargo,6209
594,efecto,6206
595,comercial,6193
596,material,6170
597,declarar,6164
598,Thomas,6156
599,originalmente,6123
600,noche,6103
601,Washington,6087
602,dirección,6084
603,ni,6084
604,espacio,6077
605,civil,6073
606,revista,6072
607,biografía,6063
608,función,6043
609,Richard,6036
610,futbolista,6033
611,principalmente,6021
612,soviético,6016
613,ejemplo,6015
614,aproximadamente,6012
615,teoría,6011
616,permanecer,5989
617,geografía,5987
618,propiedad,5974
619,objeto,5953
620,actuar,5953
621,estudiante,5945
622,city,5939
623,abandonar,5904
624,conjunto,5899
625,III,5893
626,ángel,5883
627,futuro,5881
628,acción,5878
629,cabo,5861
630,Carlos,5859
631,resultar,5849
632,cantidad,5843
633,doctor,5839
634,instituto,5829
635,esperar,5829
636,comprar,5824
637,tecnología,5810
638,valor,5802
639,arma,5788
640,Canadá,5779
641,history,5763
642,web,5702
643,europeo,5686
644,honor,5681
645,producto,5651
646,venir,5650
647,debut,5649
648,love,5644
649,Texas,5643
650,necesitar,5631
651,le,5630
652,iniciar,5623
653,consejo,5601
654,mar,5594
655,emperador,5592
656,escena,5590
657,metal,5579
658,animal,5573
659,brasileño,5557
660,separar,5549
661,avión,5541
662,chino,5541
663,abierto,5539
664,sino,5530
665,plan,5524
666,viajar,5514
667,siete,5512
668,distribución,5494
669,st,5486
670,pedir,5470
671,cubrir,5454
672,oriental,5454
673,duque,5449
674,elemento,5449
675,árbol,5439
676,gira,5426
677,calle,5421
678,todavía,5398
679,charles,5393
680,físico,5391
681,it,5381
682,capaz,5378
683,reino,5372
684,ayuda,5366
685,actividad,5366
686,oro,5365
687,academia,5361
688,london,5360
689,viaje,5337
690,crítico,5332
691,aceptar,5328
692,abrir,5328
693,independiente,5319
694,mil,5301
695,operar,5299
696,especialmente,5292
697,artículo,5290
698,ocurrir,5272
699,lucha,5265
700,destruir,5260
701,Smith,5259
702,montaña,5248
703,económico,5235
704,Roma,5235
705,introducir,5234
706,disponible,5234
707,that,5233
708,interés,5232
709,dar|decir,5223
710,misión,5221
711,vuelo,5220
712,Argentina,5216
713,formación,5210
714,prueba,5205
715,señor,5204
716,causar,5186
717,matrimonio,5158
718,camino,5157
719,cierto,5147
720,nada,5142
721,Luis,5139
722,capacidad,5122
723,rojo,5117
724,mercado,5107
725,colección,5099
726,objetivo,5094
727,verano,5071
728,probablemente,5050
729,dividir,5045
730,canal,5032
731,my,5032
732,vivo,5025
733,realmente,5025
734,poseer,5025
735,reemplazar,5013
736,significar,5004
737,list,5000
738,pareja,4995
739,campaña,4995
740,médico,4988
741,tradicional,4985
742,caer,4983
743,destacar,4962
744,dedicar,4962
745,national,4962
746,atacar,4956
747,corto,4950
748,torneo,4946
749,numeroso,4943
750,cultura,4935
751,jefe,4935
752,método,4920
753,compartir,4915
754,proporcionar,4902
755,educación,4902
756,villa,4900
757,relacionar,4900
758,músico,4895
759,razón,4884
760,copa,4884
761,estadio,4870
762,igual,4868
763,flor,4863
764,suceder,4858
765,minuto,4857
766,lanzamiento,4850
767,matar,4849
768,sugerir,4845
769,victoria,4844
770,do,4843
771,política,4841
772,grabación,4840
773,revelar,4837
774,adquirir,4829
775,cantar,4824
776,creer,4821
777,extender,4814
778,guitarra,4808
779,interior,4808
780,limitar,4808
781,Madrid,4788
782,texto,4769
783,muerto,4761
784,fallecer,4758
785,griego,4757
786,paso,4756
787,was,4719
788,cámara,4717
789,dr,4710
790,palacio,4705
791,página,4699
792,ocho,4680
793,cercano,4676
794,und,4675
795,puente,4672
796,standard,4670
797,contrato,4651
798,torre,4647
799,lengua,4647
800,americano,4642
801,localizar,4635
802,apoyo,4635
803,Chicago,4624
804,posterior,4608
805,organizar,4597
806,fecha,4591
807,código,4583
808,show,4574
809,du,4571
810,activo,4568
811,international,4556
812,planeta,4553
813,castillo,4547
814,mediante,4538
815,diez,4534
816,championship,4533
817,áfrica,4527
818,sufrir,4518
819,school,4490
820,complejo,4490
821,mitad,4487
822,iucn,4464
823,poeta,4454
824,modo,4432
825,Antonio,4405
826,indicar,4405
827,me,4396
828,asesinar,4392
829,apoyar,4391
830,threatened,4383
831,característica,4381
832,diferencia,4378
833,afirmar,4373
834,royal,4372
835,oxford,4367
836,letra,4366
837,designar,4334
838,asociación,4334
839,causa,4329
840,Henry,4321
841,amor,4318
842,carta,4315
843,memoria,4295
844,asociar,4293
845,records,4293
846,mirar,4284
847,conde,4282
848,sección,4279
849,podar|poder,4277
850,seguridad,4276
851,compañero,4267
852,aéreo,4262
853,ingreso,4262
854,cultural,4261
855,martin,4261
856,Alexander,4250
857,emplear,4244
858,editor,4239
859,reducir,4233
860,promedio,4230
861,diversos,4224
862,condición,4223
863,expedición,4221
864,retirar,4208
865,capitán,4207
866,black,4205
867,capturar,4195
868,aplicación,4193
869,frontera,4188
870,respuesta,4186
871,ruta,4184
872,vista,4180
873,dicho,4179
874,luchar,4169
875,park,4158
876,tour,4151
877,die,4145
878,life,4145
879,defensa,4142
880,paz,4137
881,explicar,4130
882,cambridge,4122
883,mencionar,4110
884,maestro,4109
885,corte,4107
886,completar,4106
887,fundador,4103
888,Florida,4099
889,demostrar,4099
890,periodo,4098
891,publicación,4097
892,ópera,4097
893,live,4095
894,privado,4093
895,Asia,4092
896,viejo,4090
897,creación,4090
898,observar,4090
899,verse,4087
900,protagonizar,4085
901,bosque,4084
902,all,4082
903,influencia,4070
904,situación,4070
905,soldado,4063
906,puerta,4061
907,pintor,4061
908,difícil,4044
909,clásico,4041
910,sonido,4041
911,dinero,4040
912,pieza,4039
913,pronto,4038
914,digital,4021
915,frente,4016
916,enfermedad,4008
917,extremo,4007
918,Corea,4001
919,añadir,3998
920,Berlín,3997
921,volumen,3997
922,software,3994
923,conectar,3992
924,pacífico,3989
925,comienzo,3978
926,one,3969
927,entrada,3969
928,marca,3959
929,judío,3958
930,college,3956
931,reunir,3954
932,velocidad,3953
933,simon,3951
934,rápido,3941
935,idioma,3937
936,campeón,3936
937,autoridad,3932
938,comuna,3930
939,hecho,3922
940,acabar,3922
941,west,3917
942,fondo,3916
943,proteger,3915
944,man,3910
945,requerir,3910
946,nativo,3906
947,proponer,3906
948,policía,3898
949,intento,3877
950,funcionar,3875
951,ocasión,3872
952,definir,3871
953,aumentar,3866
954,estrenar,3865
955,conducir,3865
956,asistir,3862
957,aparición,3860
958,hospital,3858
959,experiencia,3855
960,ojo,3851
961,aprender,3848
962,don,3847
963,wrestling,3845
964,society,3843
965,puerto,3842
966,ciento,3842
967,rápidamente,3842
968,leer,3841
969,presente,3840
970,Joseph,3835
971,vídeo,3835
972,categoría,3834
973,comandante,3825
974,pintura,3818
975,ingeniero,3818
976,xix,3818
977,federal,3807
978,consistir,3795
979,controlar,3794
980,be,3793
981,company,3785
982,biblioteca,3785
983,decisión,3777
984,referir,3770
985,pie,3758
986,denominar,3754
987,par,3752
988,católico,3752
989,simple,3749
990,piloto,3748
991,enfrentar,3746
992,religioso,3746
993,adoptar,3744
994,literatura,3743
995,directo,3743
996,revolución,3730
997,global,3725
998,usuario,3724
999,ordenar,3714
1000,cruz,3713
1001,piano,3707
1002,chico,3702
1003,venta,3701
1004,simplemente,3692
1005,mexicano,3686
1006,CD,3681
1007,medalla,3672
1008,grado,3671
1009,detener,3670
1010,barco,3670
1011,mejor,3666
1012,Suecia,3660
1013,piedra,3657
1014,Aires,3648
1015,Colombia,3641
1016,breve,3638
1017,actuación,3635
1018,químico,3628
1019,negocio,3624
1020,verdadero,3620
1021,liberar,3615
1022,composición,3609
1023,variedad,3607
1024,amplio,3603
1025,Barcelona,3600
1026,m,3597
1027,claro,3591
1028,arquitecto,3591
1029,olímpico,3578
1030,endémico,3573
1031,hall,3564
1032,generalmente,3559
1033,figura,3558
1034,libertad,3553
1035,concepto,3548
1036,lee,3545
1037,emitir,3544
1038,hotel,3541
1039,comité,3538
1040,fundación,3536
1041,Georgia,3536
1042,sueco,3535
1043,exterior,3535
1044,B,3534
1045,X,3532
1046,mejorar,3526
1047,pobreza,3519
1048,océano,3513
1049,aire,3512
1050,necesario,3511
1051,plaza,3510
1052,Mark,3509
1053,tropa,3508
1054,record,3502
1055,colonia,3501
1056,marcar,3498
1057,avanzar,3491
1058,windows,3487
1059,escuchar,3487
1060,sentido,3487
1061,recordar,3484
1062,conferencia,3475
1063,distribuir,3475
1064,pez,3471
1065,dólar,3466
1066,jardín,3463
1067,Chile,3461
1068,agente,3459
1069,corazón,3458
1070,secundario,3457
1071,registrar,3456
1072,Tom,3455
1073,copiar,3448
1074,completamente,3446
1075,lenguaje,3445
1076,identificar,3437
1077,secreto,3434
1078,IV,3433
1079,inicialmente,3431
1080,buenos,3425
1081,competir,3423
1082,verde,3416
1083,Chris,3413
1084,célula,3412
1085,combate,3411
1086,determinar,3409
1087,animar,3409
1088,máquina,3407
1089,cantón,3402
1090,Scott,3396
1091,generación,3394
1092,distancia,3393
1093,kilómetro,3392
1094,Perú,3392
1095,gobernador,3390
1096,sentir,3389
1097,anteriormente,3385
1098,nuclear,3380
1099,entrenador,3379
1100,longitud,3373
1101,naturaleza,3373
1102,suizo,3370
1103,time,3370
1104,responder,3369
1105,are,3367
1106,this,3361
1107,nota,3361
1108,soler,3360
1109,preguntar,3351
1110,Irlanda,3348
1111,Polonia,3343
1112,periódico,3340
1113,azul,3336
1114,sol,3335
1115,reacción,3334
1116,são,3332
1117,north,3330
1118,próximo,3325
1119,ganador,3319
1120,universo,3318
1121,industriar,3318
1122,templo,3313
1123,malo,3308
1124,enterrar,3304
1125,or,3299
1126,house,3296
1127,bastante,3290
1128,XX,3283
1129,quinto,3283
1130,presencia,3272
1131,indio,3267
1132,street,3267
1133,Austria,3264
1134,informar,3264
1135,King,3259
1136,entregar,3258
1137,correr,3257
1138,periodista,3251
1139,poema,3251
1140,evitar,3248
1141,adicional,3245
1142,enseñar,3244
1143,cadena,3243
1144,extranjero,3241
1145,registro,3239
1146,obligar,3230
1147,mando,3225
1148,colocar,3225
1149,Internet,3224
1150,conflicto,3216
1151,altura,3216
1152,independencia,3215
1153,técnica,3210
1154,recuperar,3210
1155,atención,3205
1156,peso,3203
1157,seleccionar,3202
1158,imperial,3201
1159,etapa,3200
1160,Art,3198
1161,fórmula,3193
1162,alguien,3193
1163,center,3192
1164,nueve,3189
1165,graduar,3187
1166,administrativo,3185
1167,Daniel,3185
1168,anual,3177
1169,Louis,3175
1170,cruzar,3175
1171,parlamento,3173
1172,pesar,3173
1173,titular,3173
1174,ee,3173
1175,invitar,3172
1176,coche,3169
1177,journal,3168
1178,inicio,3161
1179,les,3161
1180,estatal,3161
1181,united,3160
1182,rondar,3159
1183,traer,3157
1184,canadiense,3156
1185,Carolina,3149
1186,cristiano,3141
1187,oportunidad,3138
1188,economía,3133
1189,inicial,3132
1190,arquitectura,3131
1191,entender,3131
1192,pregunta,3131
1193,aspecto,3130
1194,incorporar,3129
1195,preparar,3119
1196,Edward,3118
1197,sobrevivir,3118
1198,depender,3117
1199,durar,3117
1200,romanar,3117
1201,Frank,3116
1202,demasiado,3107
1203,institución,3104
1204,escapar,3100
1205,bahía,3098
1206,archivo,3097
1207,Jack,3096
1208,inspirar,3096
1209,batería,3089
1210,límite,3088
1211,habilidad,3088
1212,eléctrico,3087
1213,esfuerzo,3084
1214,single,3083
1215,profundo,3083
1216,administración,3081
1217,sir,3080
1218,videojuego,3080
1219,santo,3079
1220,monte,3077
1221,Mary,3077
1222,vehículo,3072
1223,comunicación,3071
1224,Jones,3066
1225,transporte,3064
1226,gustar,3062
1227,filmar,3061
1228,enemigo,3060
1229,industrial,3059
1230,salud,3052
1231,doble,3048
1232,exposición,3046
1233,solución,3046
1234,ejecutivo,3042
1235,dvd,3040
1236,air,3039
1237,inferior,3034
1238,war,3032
1239,mover,3032
1240,Noruega,3031
1241,tradición,3030
1242,estimar,3030
1243,artístico,3027
1244,pop,3026
1245,portugués,3025
1246,árabe,3022
1247,generar,3022
1248,pues,3019
1249,notable,3009
1250,exitoso,3009
1251,comprender,3006
1252,análisis,3006
1253,harry,3004
1254,asunto,3001
1255,directamente,3000
1256,acompañar,3000
1257,fuego,2998
1258,corresponder,2997
1259,kong,2997
1260,concertar,2996
1261,medida,2995
1262,TV,2991
1263,argentino,2989
1264,paris,2987
1265,masa,2978
1266,Egipto,2977
1267,rechazar,2977
1268,acceso,2974
1269,Jackson,2973
1270,williams,2972
1271,confirmar,2959
1272,sello,2953
1273,Columbia,2947
1274,historiador,2946
1275,Van,2943
1276,coordenada,2936
1277,hong,2934
1278,romper,2932
1279,barrio,2931
1280,mi,2931
1281,Enrique,2928
1282,temprano,2928
1283,gas,2923
1284,Steve,2921
1285,dispositivo,2920
1286,individuo,2917
1287,comer,2916
1288,regular,2913
1289,rodear,2912
1290,eliminar,2910
1291,regional,2910
1292,instrumento,2907
1293,valle,2902
1294,Portugal,2901
1295,vuelta,2899
1296,geográfico,2899
1297,verdad,2897
1298,afectar,2896
1299,quién,2895
1300,deportivo,2892
1301,pérdida,2891
1302,his,2890
1303,importancia,2889
1304,hoja,2889
1305,film,2884
1306,obispo,2884
1307,constante,2883
1308,Moscú,2882
1309,fabricar,2881
1310,Maria,2881
1311,agrilus,2879
1312,anfibio,2878
1313,gracia,2877
1314,jr,2877
1315,tropical,2876
1316,ahí,2875
1317,Venezuela,2871
1318,temperatura,2870
1319,diario,2868
1320,financiero,2859
1321,titulado,2855
1322,top,2852
1323,combinar,2848
1324,Brown,2847
1325,conocimiento,2846
1326,Pedro,2845
1327,electrónico,2845
1328,jazz,2840
1329,Jean,2838
1330,Manuel,2836
1331,accidente,2834
1332,pagar,2834
1333,reciente,2830
1334,comunista,2830
1335,asumir,2829
1336,suelo,2828
1337,asesinato,2828
1338,Viena,2826
1339,Illinois,2823
1340,técnico,2822
1341,cara,2820
1342,factor,2819
1343,reunión,2819
1344,acto,2818
1345,Johnson,2815
1346,noroeste,2814
1347,Israel,2812
1348,comercio,2811
1349,uu,2807
1350,formato,2807
1351,big,2807
1352,mudar,2807
1353,congreso,2805
1354,asiático,2804
1355,conservar,2803
1356,carga,2803
1357,fase,2802
1358,aplicar,2799
1359,south,2793
1360,colaboración,2791
1361,interno,2789
1362,escala,2787
1363,selección,2787
1364,responsable,2786
1365,crecimiento,2785
1366,nba,2784
1367,sala,2783
1368,femenino,2782
1369,promover,2779
1370,mal,2778
1371,invierno,2778
1372,wilson,2775
1373,volar,2775
1374,Virginia,2770
1375,ejecutar,2768
1376,Miss,2764
1377,white,2764
1378,puesto,2759
1379,entertainment,2756
1380,carretera,2756
1381,V,2754
1382,reserva,2752
1383,suficiente,2747
1384,espacial,2747
1385,Suiza,2745
1386,Mike,2739
1387,matemático,2737
1388,integrar,2734
1389,first,2733
1390,guitarrista,2732
1391,league,2732
1392,desaparecer,2727
1393,universal,2726
1394,citar,2726
1395,individual,2724
1396,Boston,2722
1397,baloncesto,2721
1398,carácter,2720
1399,oscuro,2717
1400,super,2716
1401,milla,2715
1402,clave,2713
1403,normal,2710
1404,Minnesota,2709
1405,cerebro,2709
1406,young,2707
1407,your,2706
1408,recurso,2706
1409,familiar,2705
1410,Zelanda,2700
1411,america,2699
1412,rama,2695
1413,Victoria,2690
1414,presión,2684
1415,Joe,2684
1416,específico,2681
1417,high,2678
1418,contemporáneo,2675
1419,Jersey,2675
1420,residir,2673
1421,fotografía,2669
1422,primo,2664
1423,democrático,2664
1424,curso,2661
1425,representación,2661
1426,Bill,2659
1427,aprobar,2657
1428,detrás,2656
1429,expresar,2652
1430,escenario,2649
1431,monumento,2649
1432,participación,2649
1433,sustituir,2649
1434,suponer,2648
1435,frecuencia,2648
1436,team,2647
1437,desconocer,2645
1438,Hollywood,2644
1439,seguro,2642
1440,señalar,2642
1441,recientemente,2641
1442,contratar,2640
1443,documento,2640
1444,clasificar,2638
1445,medicina,2638
1446,vía,2633
1447,involucrar,2629
1448,mina,2628
1449,not,2626
1450,asignar,2626
1451,medir,2620
1452,interpretación,2615
1453,pista,2614
1454,Brian,2612
1455,ciudadano,2609
1456,debutar,2609
1457,urbano,2601
1458,australiano,2600
1459,salvar,2598
1460,caballero,2598
1461,rico,2598
1462,descubrimiento,2595
1463,entrever,2594
1464,group,2592
1465,representante,2592
1466,contribuir,2590
1467,justo,2588
1468,filosofía,2588
1469,comisión,2582
1470,normalmente,2580
1471,polaco,2579
1472,ministerio,2578
1473,Miguel,2575
1474,liderar,2572
1475,bandera,2571
1476,plata,2568
1477,finalizar,2565
1478,demografía,2562
1479,best,2560
1480,descripción,2557
1481,destino,2555
1482,asegurar,2551
1483,Escocia,2551
1484,reina,2547
1485,editar,2547
1486,adelante,2544
1487,marido,2542
1488,distinto,2539
1489,héroe,2538
1490,ficción,2532
1491,regreso,2531
1492,dominio,2530
1493,os,2528
1494,cáncer,2528
1495,fc,2524
1496,abuelo,2524
1497,science,2522
1498,Santiago,2519
1499,Gales,2519
1500,nación,2518
1501,disputar,2516
1502,estrecho,2514
1503,otorgar,2509
1504,museum,2509
1505,ala,2507
1506,contacto,2505
1507,componente,2505
1508,Jorge,2504
1509,island,2504
1510,books,2500
1511,Bob,2498
1512,mm,2497
1513,marco,2494
1514,lord,2493
1515,potencial,2492
1516,plataforma,2491
1517,grand,2490
1518,necesidad,2490
1519,encargar,2489
1520,Kansas,2486
1521,Arthur,2485
1522,Microsoft,2485
1523,rango,2484
1524,gráfico,2483
1525,derivar,2482
1526,herir,2479
1527,conexión,2477
1528,partir,2475
1529,convertirse,2475
1530,orquestar,2475
1531,conciertos,2468
1532,León,2468
1533,prisión,2467
1534,cliente,2466
1535,Times,2461
1536,Paulo,2460
1537,surgir,2456
1538,defender,2455
1539,calidad,2454
1540,provocar,2453
1541,símbolo,2452
1542,state,2451
1543,bibliografía,2449
1544,naval,2444
1545,papa,2444
1546,conquistar,2443
1547,mañana,2443
1548,permanente,2441
1549,tienda,2440
1550,legal,2440
1551,Taylor,2439
1552,instalación,2438
1553,señora,2436
1554,hallar,2435
1555,formal,2435
1556,tío,2434
1557,candidato,2430
1558,Grecia,2427
1559,sector,2424
1560,récord,2422
1561,flota,2422
1562,solamente,2421
1563,Fernando,2416
1564,nave,2416
1565,poesía,2416
1566,invasión,2413
1567,remix,2406
1568,Walter,2406
1569,reconocimiento,2404
1570,mensaje,2402
1571,significativo,2401
1572,señal,2401
1573,enorme,2400
1574,noticiar,2397
1575,massachusetts,2396
1576,armar,2395
1577,básico,2395
1578,eds,2394
1579,mediar,2391
1580,colegio,2388
1581,caballo,2385
1582,paciente,2384
1583,sostener,2384
1584,favor,2384
1585,luna,2382
1586,alianza,2380
1587,up,2379
1588,bbc,2379
1589,hábitat,2378
1590,visión,2377
1591,voto,2377
1592,viento,2376
1593,british,2376
1594,umbral,2375
1595,foto,2368
1596,crisis,2361
1597,east,2359
1598,capítulo,2354
1599,raíz,2353
1600,green,2350
1601,banco,2348
1602,Dinamarca,2346
1603,Bretaña,2345
1604,Ohio,2344
1605,angeles,2342
1606,poderoso,2342
1607,relativamente,2341
1608,variar,2340
1609,mapa,2339
1610,monasterio,2339
1611,constituir,2339
1612,solar,2338
1613,EP,2338
1614,usted,2338
1615,importar,2333
1616,atraer,2332
1617,Ecuador,2330
1618,ambiente,2328
1619,raro,2328
1620,inmediatamente,2322
1621,informe,2322
1622,literario,2322
1623,sentar|sentir,2320
1624,Diego,2318
1625,carl,2316
1626,hill,2316
1627,regla,2314
1628,núcleo,2313
1629,comparar,2312
1630,transmitir,2312
1631,inaugurar,2311
1632,blue,2311
1633,Tony,2303
1634,tarea,2303
1635,pantalla,2301
1636,moneda,2297
1637,vecino,2297
1638,plano,2294
1639,desempeñar,2293
1640,negar,2292
1641,dinastía,2292
1642,traducción,2292
1643,capa,2292
1644,botánico,2291
1645,demás,2289
1646,nacimiento,2287
1647,falta,2287
1648,evidenciar,2279
1649,tratamiento,2278
1650,laboratorio,2277
1651,posibilidad,2275
1652,traducir,2273
1653,patrón,2272
1654,anillo,2272
1655,disponer,2271
1656,irlandés,2271
1657,Max,2270
1658,habitación,2268
1659,positivo,2266
1660,trabajador,2264
1661,probar,2264
1662,night,2262
1663,Albert,2261
1664,influenciar,2260
1665,secuencia,2258
1666,Vol,2256
1667,desear,2256
1668,búsqueda,2256
1669,respectivamente,2247
1670,hot,2245
1671,resolver,2244
1672,sacar,2243
1673,stephen,2239
1674,coro,2237
1675,resistencia,2237
1676,Indiana,2235
1677,huir,2233
1678,salida,2231
1679,madera,2229
1680,association,2229
1681,buque,2227
1682,brazo,2227
1683,drama,2226
1684,experimentar,2225
1685,herramienta,2225
1686,inc,2225
1687,adulto,2225
1688,planear,2223
1689,nuevamente,2222
1690,religión,2220
1691,tribu,2216
1692,sexual,2215
1693,day,2214
1694,edition,2210
1695,Christian,2208
1696,existencia,2207
1697,protestar,2207
1698,cumplir,2205
1699,posiblemente,2204
1700,award,2202
1701,Ana,2202
1702,great,2198
1703,premiar,2197
1704,Iowa,2196
1705,little,2194
1706,ensayo,2191
1707,pasajero,2191
1708,airlines,2188
1709,sangre,2187
1710,particularmente,2185
1711,Jim,2183
1712,totalmente,2182
1713,extensión,2180
1714,computadora,2179
1715,ben,2178
1716,gobernar,2178
1717,billboard,2175
1718,derrota,2171
1719,Eric,2169
1720,transformar,2169
1721,originario,2168
1722,perro,2168
1723,pobre,2167
1724,error,2167
1725,Irán,2167
1726,argumento,2166
1727,sesión,2166
1728,rio,2166
1729,recoger,2161
1730,consecuencia,2160
1731,proceder,2159
1732,centrar,2156
1733,catedral,2155
1734,constitución,2154
1735,editorial,2152
1736,wisconsin,2149
1737,amarillo,2148
1738,nadie,2145
1739,oír,2145
1740,tren,2144
1741,académico,2144
1742,impacto,2142
1743,vivienda,2137
1744,road,2136
1745,reforma,2135
1746,Alejandro,2132
1747,diseñador,2128
1748,lake,2126
1749,criar,2123
1750,will,2123
1751,experimento,2118
1752,subir,2117
1753,Ucrania,2116
1754,apertura,2116
1755,firme,2115
1756,contenido,2111
1757,fósil,2111
1758,noreste,2105
1759,galería,2105
1760,colaborar,2104
1761,muestra,2102
1762,corriente,2101
1763,long,2101
1764,fábrica,2100
1765,sexto,2100
1766,concurso,2099
1767,investigador,2099
1768,actualidad,2098
1769,conceder,2097
1770,superar,2096
1771,reflejar,2094
1772,ingeniería,2091
1773,visual,2089
1774,víctima,2087
1775,mezcla,2087
1776,salón,2085
1777,fácil,2083
1778,intención,2081
1779,múltiple,2080
1780,holandés,2079
1781,modificar,2075
1782,círculo,2074
1783,variante,2073
1784,we,2072
1785,nominar,2071
1786,implicar,2069
1787,presentación,2068
1788,residente,2067
1789,hielo,2067
1790,serbio,2066
1791,propósito,2066
1792,corporation,2064
1793,levantar,2060
1794,aliado,2058
1795,licencia,2058
1796,comportamiento,2058
1797,cementerio,2057
1798,realidad,2057
1799,daño,2057
1800,deseo,2055
1801,asistente,2053
1802,douglas,2053
1803,adaptación,2052
1804,primavera,2051
1805,convencer,2047
1806,xviii,2045
1807,institute,2042
1808,marcha,2037
1809,opinión,2035
1810,gol,2033
1811,instalar,2032
1812,precio,2032
1813,combinación,2029
1814,out,2028
1815,C,2025
1816,beach,2025
1817,roca,2024
1818,Hungría,2020
1819,cielo,2018
1820,Guillermo,2015
1821,prensa,2013
1822,contribución,2013
1823,mix,2013
1824,karl,2013
1825,fama,2013
1826,espécimen,2012
1827,prisionero,2010
1828,awards,2010
1829,allá,2008
1830,Guinea,2006
1831,power,2006
1832,death,2004
1833,detalle,2003
1834,rol,2003
1835,ceremonia,2001
1836,mente,2000
1837,esperanza,2000
1838,Jefe,1998
1839,two,1998
1840,playa,1997
1841,competición,1997
1842,pared,1996
1843,Toronto,1994
1844,primario,1993
1845,interesar,1991
1846,research,1989
1847,expresión,1988
1848,aldea,1983
1849,abajo,1983
1850,Indonesia,1981
1851,vs,1979
1852,doce,1979
1853,península,1976
1854,encuentro,1974
1855,terminal,1971
1856,clima,1970
1857,identidad,1969
1858,opción,1969
1859,ampliamente,1967
1860,cola,1965
1861,corona,1964
1862,Filipinas,1962
1863,terreno,1960
1864,variable,1960
1865,operativo,1957
1866,ustedes,1955
1867,Bruce,1955
1868,orilla,1954
1869,izquierdo,1952
1870,alternativo,1951
1871,Andrew,1951
1872,pelea,1951
1873,disparar,1950
1874,Disney,1949
1875,interesante,1948
1876,Bélgica,1948
1877,cerrado,1945
1878,amenazar,1944
1879,Davis,1943
1880,noble,1943
1881,cerrar,1942
1882,medieval,1940
1883,llegada,1940
1884,guardia,1939
1885,arena,1937
1886,novio,1935
1887,grave,1935
1888,Pierre,1935
1889,volume,1931
1890,documental,1930
1891,lewis,1930
1892,calendario,1927
1893,star,1926
1894,johann,1926
1895,ciclo,1925
1896,cardenal,1924
1897,game,1922
1898,municipal,1922
1899,book,1922
1900,fiesta,1922
1901,transferir,1921
1902,comediar,1921
1903,protección,1919
1904,universitario,1918
1905,Roger,1917
1906,tenis,1915
1907,other,1914
1908,clasificación,1914
1909,sí,1914
1910,pintar,1912
1911,fusión,1911
1912,acusar,1910
1913,caída,1909
1914,sueño,1906
1915,explorar,1906
1916,audiencia,1905
1917,expansión,1905
1918,dónde,1904
1919,i,1902
1920,Turquía,1901
1921,lento,1900
1922,excepto,1900
1923,vocal,1899
1924,fox,1895
1925,cuadrar,1894
1926,firma,1892
1927,forzar,1889
1928,Kevin,1888
1929,DC,1888
1930,habitar,1888
1931,Cuba,1887
1932,introducción,1887
1933,asentamiento,1887
1934,system,1886
1935,Pablo,1886
1936,studios,1884
1937,lejos,1883
1938,estatua,1883
1939,automóvil,1883
1940,rescatar,1882
1941,cinematográfico,1882
1942,Vietnam,1880
1943,propietario,1879
1944,danés,1878
1945,albergar,1878
1946,cuenca,1877
1947,debatir,1876
1948,Ltd,1872
1949,sucesor,1872
1950,nazi,1868
1951,Who,1866
1952,Mar,1865
1953,fe,1864
1954,anotar,1864
1955,africano,1863
1956,culturar,1862
1957,Christopher,1861
1958,alcalde,1860
1959,atrás,1859
1960,negativo,1857
1961,riesgo,1857
1962,adam,1856
1963,tormenta,1854
1964,residencia,1853
1965,circuito,1852
1966,sacerdote,1848
1967,ampliar,1848
1968,tasa,1847
1969,secretario,1846
1970,asamblea,1846
1971,comida,1846
1972,cortar,1845
1973,Ford,1844
1974,amenaza,1843
1975,columna,1843
1976,ácido,1842
1977,publishing,1842
1978,provenir,1841
1979,observación,1839
1980,trono,1837
1981,armada,1837
1982,colina,1835
1983,xvi,1834
1984,Fort,1833
1985,adaptar,1832
1986,anderson,1831
1987,espíritu,1830
1988,Sudáfrica,1829
1989,Tokio,1829
1990,version,1828
1991,Finlandia,1828
1992,metropolitano,1828
1993,japan,1827
1994,cañón,1827
1995,mecánico,1826
1996,USA,1826
1997,Colorado,1824
1998,protagonista,1823
1999,mr,1823
2000,justicia,1821
2001,competencia,1821
2002,may,1820
2003,continuo,1818
2004,suroeste,1817
2005,órgano,1817
2006,consultar,1816
2007,potencia,1816
2008,clan,1814
2009,concluir,1813
2010,Bolivia,1813
2011,organismo,1812
2012,insecto,1811
2013,vino,1808
2014,mesa,1808
2015,crítica,1808
2016,sureste,1807
2017,have,1807
2018,masculino,1807
2019,definición,1806
2020,fundamental,1806
2021,ligero,1805
2022,arriba,1804
2023,Alberto,1803
2024,alimentar,1802
2025,solitario,1801
2026,hueso,1801
2027,previamente,1800
2028,parroquia,1799
2029,jane,1798
2030,comentar,1797
2031,romano,1796
2032,franco,1794
2033,seco,1793
2034,song,1791
2035,ascender,1790
2036,alimento,1790
2037,data,1789
2038,part,1789
2039,juicio,1788
2040,deportar,1785
2041,bulbophyllum,1784
2042,dominar,1783
2043,declaración,1783
2044,exponer,1783
2045,proveer,1778
2046,evolución,1777
2047,were,1776
2048,frío,1775
2049,ventana,1773
2050,cuestión,1773
2051,Alan,1773
2052,anthony,1772
2053,lady,1772
2054,filósofo,1771
2055,musulmán,1770
2056,comúnmente,1769
2057,crimen,1768
2058,proteína,1766
2059,what,1765
2060,repetir,1765
2061,partícula,1760
2062,Elizabeth,1759
2063,satélite,1758
2064,inteligencia,1758
2065,liberal,1758
2066,sierra,1757
2067,imponer,1756
2068,Sam,1756
2069,fabricante,1753
2070,Isabel,1753
2071,ray,1752
2072,am,1752
2073,Francis,1751
2074,states,1750
2075,studies,1750
2076,incidente,1750
2077,old,1748
2078,pensamiento,1748
2079,brillante,1747
2080,marino,1747
2081,Howard,1746
2082,autónomo,1745
2083,prototipo,1745
2084,tender,1745
2085,arts,1745
2086,mecanismo,1745
2087,oposición,1745
2088,Mac,1744
2089,duro,1741
2090,atlántico,1740
2091,sun,1739
2092,harvard,1738
2093,Hans,1737
2094,continuación,1737
2095,Samuel,1737
2096,humanidad,1737
2097,práctica,1735
2098,Guatemala,1731
2099,abogado,1729
2100,juez,1728
2101,programación,1726
2102,Bulgaria,1726
2103,vocalista,1725
2104,bomba,1723
2105,river,1723
2106,bell,1722
2107,investigar,1722
2108,prohibir,1721
2109,galaxia,1721
2110,aventura,1721
2111,escultura,1720
2112,domingo,1720
2113,entero,1720
2114,entrenamiento,1718
2115,reinado,1718
2116,manuscrito,1717
2117,robar,1716
2118,ferrocarril,1716
2119,R,1716
2120,retrato,1716
2121,Federico,1715
2122,guide,1714
2123,búlgaro,1713
2124,federación,1711
2125,paralelo,1708
2126,fortaleza,1708
2127,franklin,1707
2128,Allen,1706
2129,Congo,1706
2130,séptimo,1704
2131,ecuación,1700
2132,tag,1699
2133,poblar,1699
2134,draft,1699
2135,soportar,1699
2136,virtual,1698
2137,espectáculo,1698
2138,which,1698
2139,ancho,1697
2140,probable,1696
2141,huevo,1696
2142,borde,1696
2143,golpe,1695
2144,molécula,1694
2145,ubicación,1694
2146,frecuentemente,1693
2147,caja,1693
2148,Felipe,1692
2149,turco,1691
2150,discografía,1689
2151,leyenda,1689
2152,Banco,1689
2153,unirse,1688
2154,friedrich,1686
2155,Eduardo,1686
2156,Milán,1685
2157,continente,1682
2158,cráneo,1682
2159,alfred,1680
2160,húngaro,1679
2161,descendiente,1679
2162,teléfono,1679
2163,boy,1674
2164,facultad,1674
2165,Valle,1673
2166,kim,1673
2167,costo,1671
2168,Johnny,1670
2169,aerolínea,1669
2170,particular,1667
2171,animación,1666
2172,tabla,1666
2173,XVII,1665
2174,pro,1664
2175,Co,1661
2176,Pensilvania,1661
2177,picar,1659
2178,favorito,1655
2179,tumba,1654
2180,motivo,1654
2181,comentario,1653
2182,bay,1652
2183,escritura,1652
2184,criticar,1651
2185,about,1649
2186,boca,1649
2187,diplomático,1648
2188,uk,1647
2189,dibujo,1647
2190,arrestar,1644
2191,noruego,1644
2192,norteamericano,1644
2193,feliz,1643
2194,band,1640
2195,bank,1639
2196,online,1636
2197,duda,1636
2198,continental,1635
2199,Alex,1635
2200,tratado,1634
2201,instrucción,1634
2202,García,1633
2203,coleóptero,1633
2204,contexto,1633
2205,nieto,1630
2206,its,1630
2207,afroamericanos,1629
2208,tanque,1628
2209,experimental,1627
2210,recorrer,1627
2211,moore,1625
2212,izquierda,1624
2213,atravesar,1624
2214,ocupación,1623
2215,propuesta,1622
2216,piel,1621
2217,variación,1620
2218,jan,1620
2219,rural,1620
2220,típico,1619
2221,Puerto,1618
2222,bizantino,1618
2223,miller,1618
2224,juventud,1615
2225,ingresar,1615
2226,coronel,1615
2227,giovanni,1615
2228,pistar,1615
2229,entrenar,1615
2230,régimen,1615
2231,discutir,1614
2232,europea,1614
2233,alma,1614
2234,equivalente,1612
2235,gigante,1610
2236,teniente,1610
2237,Jimmy,1609
2238,liberación,1609
2239,genético,1608
2240,country,1608
2241,rose,1607
2242,golfo,1606
2243,útil,1606
2244,golpear,1606
2245,Dave,1604
2246,restaurante,1602
2247,servidor,1601
2248,práctico,1601
2249,extenso,1597
2250,química,1596
2251,aumento,1596
2252,relato,1595
2253,hembra,1595
2254,VI,1595
2255,billy,1592
2256,existente,1592
2257,mas,1589
2258,ejercer,1587
2259,caza,1586
2260,rival,1585
2261,cuál,1585
2262,guion,1584
2263,punta,1583
2264,clark,1579
2265,punk,1578
2266,Jeff,1578
2267,misuri,1578
2268,amar,1577
2269,peligro,1577
2270,terrestre,1576
2271,cinta,1576
2272,radical,1575
2273,incrementar,1575
2274,presidencial,1574
2275,media,1573
2276,mejora,1572
2277,comparación,1572
2278,otoño,1571
2279,supuesto,1570
2280,promoción,1570
2281,distinguir,1569
2282,tribunal,1569
2283,cuento,1569
2284,dueño,1568
2285,Houston,1568
2286,condenar,1565
2287,can,1565
2288,stone,1564
2289,à,1563
2290,their,1562
2291,atribuir,1562
2292,diente,1561
2293,desierto,1561
2294,indígena,1561
2295,review,1559
2296,dificultad,1559
2297,cuanto,1558
2298,demanda,1557
2299,entorno,1557
2300,venecia,1556
2301,infancia,1556
2302,saint,1556
2303,oriente,1556
2304,Jesús,1555
2305,escudo,1554
2306,last,1554
2307,espectador,1553
2308,panamá,1553
2309,once,1552
2310,auto,1550
2311,guionista,1550
2312,Tailandia,1549
2313,janeiro,1549
2314,wwe,1549
2315,alumno,1548
2316,restaurar,1547
2317,sobrino,1546
2318,concentración,1545
2319,móvil,1545
2320,reciente|recién,1544
2321,preferir,1542
2322,combustible,1542
2323,like,1542
2324,google,1542
2325,sonoro,1541
2326,materia,1541
2327,alabama,1541
2328,Patrick,1540
2329,sarah,1539
2330,il,1537
2331,escocés,1535
2332,Lincoln,1534
2333,López,1534
2334,agricultura,1534
2335,academy,1533
2336,century,1533
2337,x,1532
2338,doctorar,1530
2339,ventaja,1530
2340,sentimiento,1530
2341,personalidad,1528
2342,kentucky,1527
2343,montar,1527
2344,rebelde,1526
2345,admitir,1526
2346,arco,1525
2347,semilla,1524
2348,Pakistán,1524
2349,English,1524
2350,county,1524
2351,distintos,1523
2352,cuerda,1522
2353,soporte,1520
2354,Miami,1520
2355,transportar,1519
2356,correcto,1518
2357,asistencia,1518
2358,e,1517
2359,oklahoma,1517
2360,colonial,1516
2361,fácilmente,1515
2362,cm,1515
2363,biológico,1514
2364,natal,1512
2365,mtv,1511
2366,saber|ser,1511
2367,diócesis,1511
2368,news,1509
2369,marinar,1508
2370,apple,1507
2371,previo,1506
2372,acercar,1505
2373,arzobispo,1505
2374,Uruguay,1504
2375,family,1503
2376,gordon,1503
2377,reconstruir,1503
2378,capa|capilla,1501
2379,renunciar,1501
2380,convención,1500
2381,Mario,1500
2382,flujo,1500
2383,dolor,1499
2384,serio,1498
2385,bloque,1498
2386,story,1495
2387,bronce,1495
2388,excepción,1495
2389,Adam,1494
2390,abarcar,1494
2391,sul,1493
2392,experto,1492
2393,playstation,1491
2394,prestar,1490
2395,Tim,1489
2396,violencia,1488
2397,anuncio,1486
2398,anna,1484
2399,Arizona,1480
2400,dulce,1478
2401,armenio,1477
2402,lawrence,1474
2403,revolucionario,1473
2404,aniversario,1473
2405,dimensión,1472
2406,activista,1471
2407,moral,1469
2408,way,1469
2409,repartir,1469
2410,coreano,1468
2411,valley,1468
2412,infantería,1466
2413,hermoso,1466
2414,good,1465
2415,molecular,1465
2416,absoluto,1464
2417,veinte,1463
2418,vencer,1463
2419,girl,1462
2420,matt,1462
2421,Baltimore,1461
2422,lesión,1458
2423,caminar,1458
2424,heredero,1456
2425,mental,1456
2426,monje,1455
2427,when,1454
2428,so,1454
2429,acontecimiento,1453
2430,virus,1453
2431,piso,1453
2432,years,1452
2433,sony,1450
2434,enfoque,1450
2435,petróleo,1449
2436,astrónomo,1449
2437,dakota,1449
2438,VII,1448
2439,Paraguay,1448
2440,responsabilidad,1447
2441,page,1447
2442,russell,1447
2443,lleno,1446
2444,visible,1446
2445,avance,1444
2446,resolución,1443
2447,artificial,1442
2448,Nick,1442
2449,Do,1442
2450,dañar,1442
2451,estrategia,1441
2452,observatorio,1439
2453,duración,1439
2454,toma,1438
2455,birds,1438
2456,macho,1438
2457,algoritmo,1437
2458,posesión,1437
2459,gobernante,1436
2460,huracán,1436
2461,fusionar,1434
2462,teclado,1434
2463,junta,1433
2464,marie,1432
2465,Malasia,1432
2466,republicano,1431
2467,back,1431
2468,album,1430
2469,sexo,1428
2470,linux,1426
2471,D,1426
2472,devolver,1425
2473,warner,1424
2474,manejar,1423
2475,profundidad,1422
2476,calcular,1422
2477,luchador,1420
2478,talento,1418
2479,Marshall,1418
2480,adn,1417
2481,átomo,1417
2482,imposible,1416
2483,elevar,1415
2484,jason,1413
2485,latín,1412
2486,dramático,1412
2487,union,1411
2488,Open,1410
2489,discurso,1410
2490,Arkansas,1409
2491,technology,1408
2492,Martín,1408
2493,matemáticas,1407
2494,creador,1406
2495,agenciar,1406
2496,cable,1405
2497,steven,1405
2498,down,1405
2499,over,1404
2500,notar,1403
2501,Rafael,1402
2502,heart,1402
2503,norma,1401
2504,bit,1401
2505,set,1400
2506,castilla,1399
2507,segmento,1398
2508,encabezar,1396
2509,inmediato,1395
2510,Jacques,1395
2511,infantil,1393
2512,enamorar,1393
2513,destrucción,1393
2514,bad,1392
2515,interacción,1391
2516,polo,1391
2517,Kennedy,1391
2518,gestión,1390
2519,Marina,1390
2520,invitado,1389
2521,onda,1389
2522,solicitar,1389
2523,ryan,1389
2524,della,1388
2525,harris,1388
2526,tendencia,1387
2527,usualmente,1386
2528,terremoto,1386
2529,canto,1385
2530,extraño,1385
2531,hierro,1384
2532,destinar,1384
2533,france,1382
2534,Jerusalén,1382
2535,emisión,1382
2536,ir|ser,1382
2537,fenómeno,1381
2538,wilhelm,1381
2539,conservador,1379
2540,avenida,1379
2541,fragmento,1377
2542,apenas,1377
2543,but,1377
2544,tarjeta,1375
2545,modern,1375
2546,increíble,1375
2547,reloj,1374
2548,sound,1374
2549,especializado,1373
2550,preocupar,1373
2551,boys,1373
2552,quizá,1373
2553,misil,1368
2554,Detroit,1366
2555,popularidad,1365
2556,teatral,1362
2557,also,1361
2558,masivo,1361
2559,saga,1361
2560,adolescente,1361
2561,física,1360
2562,logro,1360
2563,efectivo,1360
2564,entidad,1359
2565,Nelson,1359
2566,paisaje,1358
2567,blues,1356
2568,certificar,1356
2569,depresión,1356
2570,Norteamérica,1356
2571,broadway,1356
2572,González,1355
2573,temporal,1354
2574,Alfonso,1353
2575,ficticio,1352
2576,cierta|cierto,1351
2577,guía,1351
2578,quizás,1351
2579,órbita,1350
2580,falso,1350
2581,estreno,1350
2582,exactamente,1349
2583,magazine,1349
2584,ordenador,1349
2585,marchar,1349
2586,Taiwán,1348
2587,defensor,1347
2588,equipar,1347
2589,pc,1347
2590,beneficio,1346
2591,nueva,1346
2592,elaborar,1346
2593,colono,1346
2594,tono,1345
2595,sólido,1344
2596,conversación,1343
2597,expulsar,1343
2598,Jerry,1342
2599,inventar,1342
2600,Roberto,1341
2601,ceder,1341
2602,amistad,1340
2603,petición,1337
2604,atrapar,1337
2605,ejecución,1335
2606,detectar,1335
2607,Atenas,1335
2608,rendimiento,1335
2609,rayo,1335
2610,significado,1335
2611,Siria,1333
2612,turismo,1333
2613,ufc,1332
2614,perspectiva,1332
2615,apariencia,1332
2616,acceder,1330
2617,into,1329
2618,fluir,1328
2619,múnich,1328
2620,secuela,1328
2621,Go,1328
2622,junior,1328
2623,disolver,1327
2624,nintendo,1324
2625,imaginar,1323
2626,Singapur,1321
2627,mamífero,1320
2628,language,1319
2629,Utah,1319
2630,embajador,1319
2631,audio,1317
2632,T,1316
2633,dark,1316
2634,aparentemente,1315
2635,tennessee,1315
2636,tirar,1315
2637,java,1314
2638,M,1314
2639,Hitler,1314
2640,almacenar,1313
2641,Lima,1312
2642,inteligente,1312
2643,theatre,1312
2644,philip,1311
2645,some,1310
2646,comando,1310
2647,tripulación,1310
2648,Ian,1310
2649,belleza,1309
2650,acordar,1308
2651,xiii,1307
2652,agregar,1305
2653,Lisboa,1304
2654,míchigan,1303
2655,ofertar,1303
2656,disminuir,1303
2657,Gabriel,1303
2658,iron,1301
2659,cueva,1301
2660,administrar,1301
2661,intenso,1299
2662,memorial,1299
2663,bailarín,1299
2664,Madagascar,1296
2665,bordo,1296
2666,solista,1296
2667,dj,1296
2668,after,1295
2669,august,1294
2670,ritmo,1294
2671,franz,1293
2672,amerindios,1292
2673,bajar,1290
2674,receptor,1290
2675,voluntario,1290
2676,light,1289
2677,gato,1289
2678,pionero,1289
2679,comics,1288
2680,impulsar,1288
2681,frase,1288
2682,oh,1287
2683,votar,1284
2684,var,1284
2685,land,1284
2686,Jonathan,1283
2687,tonelada,1282
2688,baseball,1282
2689,new,1281
2690,procesador,1280
2691,XII,1280
2692,pianista,1280
2693,patrimonio,1279
2694,eje,1279
2695,transmisión,1278
2696,berlin,1278
2697,primeros,1278
2698,reportar,1277
2699,grant,1277
2700,Reina,1276
2701,flora,1276
2702,caracterizar,1276
2703,agrícola,1275
2704,consecutivo,1275
2705,fallar,1275
2706,end,1274
2707,perseguir,1273
2708,incendio,1273
2709,three,1273
2710,Wayne,1272
2711,mordellidae,1271
2712,caribe,1271
2713,rebelión,1270
2714,baile,1269
2715,verso,1268
2716,coalición,1267
2717,turístico,1265
2718,kelly,1265
2719,perfecto,1265
2720,Nigeria,1264
2721,establecimiento,1264
2722,prever,1264
2723,wright,1262
2724,expandir,1262
2725,escultor,1262
2726,Charlie,1262
2727,interfaz,1261
2728,southern,1261
2729,placa,1261
2730,inversión,1260
2731,portada,1259
2732,televisivo,1259
2733,magnético,1259
2734,mit,1258
2735,Rodríguez,1258
2736,dan,1257
2737,leipzig,1256
2738,tráfico,1256
2739,débil,1255
2740,morar,1255
2741,protocolo,1255
2742,específicamente,1253
2743,examinar,1253
2744,atmósfera,1252
2745,garden,1252
2746,juvenil,1252
2747,cuadro,1252
2748,bajista,1251
2749,theory,1251
2750,Maine,1250
2751,olvidar,1250
2752,Western,1250
2753,orgánico,1250
2754,lluvia,1248
2755,explorador,1246
2756,educar,1246
2757,Hamilton,1246
2758,graham,1246
2759,manga,1246
2760,café,1245
2761,trayectoria,1244
2762,carter,1244
2763,diámetro,1243
2764,Eddie,1242
2765,how,1242
2766,Nobel,1241
2767,ibm,1240
2768,aislar,1240
2769,baterista,1240
2770,victor,1239
2771,heavyweight,1239
2772,intelectual,1239
2773,prominente,1238
2774,dead,1237
2775,platnick,1237
2776,campamento,1236
2777,cero,1236
2778,quemar,1236
2779,wild,1235
2780,ross,1235
2781,carbono,1234
2782,orquesta,1234
2783,paquete,1232
2784,S,1232
2785,intérprete,1232
2786,golden,1231
2787,octavo,1231
2788,argumentar,1231
2789,explosión,1230
2790,costero,1229
2791,egipcio,1229
2792,only,1229
2793,Dallas,1228
2794,people,1228
2795,peligroso,1228
2796,manhattan,1228
2797,empresario,1228
2798,creencia,1228
2799,dúo,1228
2800,Ricardo,1228
2801,negociación,1227
2802,parcial,1226
2803,network,1226
2804,football,1226
2805,carne,1226
2806,sudeste,1226
2807,Alaska,1225
2808,torno,1225
2809,marvel,1225
2810,dance,1224
2811,extra,1222
2812,berkeley,1222
2813,studio,1222
2814,Gary,1222
2815,VIII,1222
2816,socio,1221
2817,influyente,1220
2818,jon,1220
2819,espada,1219
2820,reparto,1218
2821,Donald,1217
2822,match,1216
2823,andy,1216
2824,asesino,1215
2825,ajedrez,1214
2826,eventualmente,1214
2827,gama,1213
2828,cuidado,1212
2829,denominación,1212
2830,prometer,1212
2831,ontario,1211
2832,mezclar,1210
2833,Secretario,1210
2834,recuerdo,1210
2835,acero,1210
2836,Connecticut,1209
2837,asiento,1209
2838,sujeto,1208
2839,campbell,1207
2840,cultivo,1207
2841,official,1206
2842,had,1206
2843,teórico,1206
2844,if,1205
2845,techo,1204
2846,soul,1203
2847,considerable,1203
2848,partida,1202
2849,traje,1202
2850,volcán,1202
2851,free,1202
2852,Rosa,1202
2853,exacto,1201
2854,miedo,1201
2855,conformar,1200
2856,presidencia,1199
2857,escoger,1199
2858,crédito,1198
2859,amantar,1198
2860,Filadelfia,1198
2861,influir,1198
2862,Oscar,1197
2863,dama,1197
2864,donar,1197
2865,project,1196
2866,lectura,1196
2867,batman,1196
2868,Maryland,1196
2869,democracia,1195
2870,field,1194
2871,únicamente,1194
2872,ali,1192
2873,imprimir,1191
2874,brooklyn,1191
2875,für,1190
2876,invadir,1190
2877,Baker,1190
2878,relativo,1190
2879,drogar,1189
2880,romántico,1189
2881,they,1188
2882,criatura,1188
2883,suma,1187
2884,disfrutar,1187
2885,impedir,1186
2886,analizar,1186
2887,get,1186
2888,estadístico,1185
2889,Señor,1184
2890,hopkins,1184
2891,guardar,1184
2892,bar,1184
2893,terror,1184
2894,mágico,1183
2895,archipiélago,1183
2896,millón,1183
2897,revisar,1182
2898,transición,1182
2899,gay,1182
2900,baja,1182
2901,pan,1182
2902,iniciativa,1182
2903,ascenso,1181
2904,étnico,1181
2905,coral,1181
2906,esclavo,1180
2907,campus,1179
2908,cima,1179
2909,Trinidad,1179
2910,roedor,1179
2911,conclusión,1177
2912,colega,1177
2913,point,1177
2914,borough,1177
2915,walker,1177
2916,xiv,1176
2917,ligeramente,1175
2918,charlar,1175
2919,financiar,1174
2920,triple,1174
2921,boda,1172
2922,morgan,1172
2923,enseñanza,1171
2924,granja,1170
2925,índice,1170
2926,captura,1170
2927,Florencia,1170
2928,XV,1169
2929,moda,1169
2930,channel,1169
2931,bach,1168
2932,criminal,1168
2933,square,1168
2934,extremadamente,1168
2935,pictures,1167
2936,dictionary,1167
2937,ideal,1167
2938,mandato,1167
2939,warren,1166
2940,town,1164
2941,meridional,1164
2942,aeronave,1164
2943,ann,1163
2944,Croacia,1163
2945,cultivar,1163
2946,esquina,1162
2947,elenco,1162
2948,literal,1162
2949,revisión,1161
2950,reputación,1160
2951,Home,1159
2952,Montreal,1159
2953,contrario,1159
2954,circular,1159
2955,gris,1158
2956,anne,1158
2957,helicóptero,1158
2958,schltr,1158
2959,muro,1158
2960,premier,1158
2961,US,1157
2962,sinónimo,1157
2963,aliar,1155
2964,age,1154
2965,bebé,1153
2966,bello,1152
2967,Afganistán,1152
2968,operador,1152
2969,Hugo,1152
2970,recepción,1151
2971,publishers,1151
2972,ausencia,1151
2973,radiación,1150
2974,four,1149
2975,vega,1148
2976,salar,1147
2977,early,1147
2978,líquido,1146
2979,calor,1146
2980,discográfica,1145
2981,ejemplar,1145
2982,probabilidad,1145
2983,quitar,1144
2984,Kent,1143
2985,danza,1143
2986,estocolmo,1143
2987,aparte,1142
2988,electrón,1142
2989,holmes,1141
2990,cancelar,1141
2991,colectivo,1141
2992,benjamin,1141
2993,suministro,1139
2994,second,1138
2995,aun,1138
2996,Bernard,1138
2997,treinta,1137
2998,stanley,1137
2999,galardonar,1137
3000,constar,1137
3001,cup,1136
3002,fire,1136
3003,Austin,1136
3004,vestir,1136
3005,there,1134
3006,programar,1134
3007,hills,1132
3008,canada,1132
3009,fuera,1132
3010,ropa,1131
3011,Kenia,1130
3012,Atlanta,1129
3013,despedir,1127
3014,inmigrante,1127
3015,barry,1127
3016,impresión,1127
3017,princeton,1126
3018,tensión,1126
3019,manual,1126
3020,compuesto,1124
3021,vigor,1124
3022,preservar,1123
3023,ibn,1122
3024,fusil,1122
3025,ron,1121
3026,regimiento,1121
3027,frecuente,1121
3028,violín,1120
3029,ciclista,1120
3030,entrega,1120
3031,creativo,1120
3032,instrumental,1120
3033,collection,1118
3034,intercambio,1118
3035,seguidor,1118
3036,demócrata,1117
3037,systems,1117
3038,provincial,1116
3039,suerte,1116
3040,jefferson,1116
3041,encyclopedia,1115
3042,fresco,1114
3043,estable,1114
3044,phil,1114
3045,tejido,1113
3046,fotógrafo,1113
3047,fila,1113
3048,mandar,1113
3049,extraordinario,1112
3050,comunicar,1112
3051,taller,1112
3052,vicepresidente,1111
3053,exhibición,1110
3054,cristal,1110
3055,songs,1109
3056,dormir,1109
3057,stewart,1108
3058,fijar,1108
3059,Larry,1108
3060,kg,1108
3061,our,1107
3062,discusión,1107
3063,games,1107
3064,comune,1107
3065,party,1107
3066,oxígeno,1107
3067,cálculo,1107
3068,been,1107
3069,constelación,1106
3070,otto,1105
3071,now,1105
3072,cráter,1104
3073,im,1104
3074,exploración,1103
3075,cordillera,1103
3076,keith,1103
3077,Michel,1103
3078,her,1102
3079,petersburgo,1101
3080,publications,1101
3081,nominación,1101
3082,excelente,1101
3083,ilustrar,1100
3084,industria,1099
3085,Seattle,1099
3086,compromiso,1098
3087,belga,1098
3088,delantero,1098
3089,loco,1098
3090,television,1098
3091,asimismo,1097
3092,Lorenzo,1097
3093,ofensivo,1097
3094,op,1096
3095,israelí,1095
3096,descender,1095
3097,pretender,1095
3098,renovar,1095
3099,epidendrum,1095
3100,signo,1094
3101,sentar,1092
3102,under,1092
3103,robot,1092
3104,dedo,1091
3105,santos,1090
3106,reclamar,1089
3107,roy,1089
3108,E,1089
3109,coincidir,1088
3110,funcionario,1088
3111,violento,1087
3112,vacío,1087
3113,alice,1087
3114,rostro,1087
3115,Nicolás,1086
3116,study,1085
3117,isleño,1084
3118,Bruselas,1083
3119,controversia,1083
3120,lector,1083
3121,jay,1083
3122,foundation,1082
3123,hidrógeno,1082
3124,development,1081
3125,entrevistar,1080
3126,alta,1079
3127,extraer,1079
3128,aprovechar,1078
3129,design,1078
3130,perfil,1077
3131,curva,1077
3132,copia,1075
3133,special,1075
3134,noveno,1075
3135,comprometer,1075
3136,salto,1075
3137,trama,1074
3138,islámico,1074
3139,referirse,1074
3140,pierna,1073
3141,ciro,1073
3142,rick,1073
3143,homenaje,1072
3144,Irak,1072
3145,s,1072
3146,Cleveland,1071
3147,senado,1071
3148,Fred,1071
3149,disputa,1071
3150,presa|preso,1071
3151,boeing,1070
3152,asalto,1070
3153,Space,1070
3154,year,1070
3155,barón,1069
3156,sagrado,1069
3157,fans,1069
3158,salvaje,1068
3159,forster,1068
3160,ruinar,1068
3161,evans,1067
3162,emigrar,1067
3163,separación,1067
3164,prusia,1066
3165,básicamente,1066
3166,pacific,1066
3167,angel,1065
3168,library,1065
3169,europe,1064
3170,contraer,1064
3171,force,1063
3172,public,1063
3173,Simpson,1063
3174,orleans,1063
3175,educativo,1062
3176,bolsa,1061
3177,historical,1061
3178,submarino,1061
3179,Collins,1058
3180,girar,1057
3181,pelo,1057
3182,ducado,1057
3183,localización,1056
3184,espiritual,1056
3185,port,1056
3186,gubernamental,1056
3187,Pérez,1056
3188,altitud,1056
3189,puro,1055
3190,celular,1055
3191,neerlandés,1054
3192,fruto,1054
3193,combatir,1054
3194,tecnológico,1054
3195,artillería,1053
3196,nevada,1052
3197,ángulo,1052
3198,dinosaurio,1052
3199,praga,1051
3200,madison,1051
3201,most,1051
3202,elevado,1051
3203,amy,1051
3204,suficientemente,1050
3205,mancha,1050
3206,liderazgo,1049
3207,brothers,1049
3208,plato,1049
3209,oliver,1049
3210,Fernández,1048
3211,electoral,1048
3212,incapaz,1048
3213,determinado,1047
3214,absorber,1047
3215,lineal,1046
3216,heavy,1046
3217,centre,1045
3218,rueda,1044
3219,inscripción,1044
3220,nido,1044
3221,doméstico,1043
3222,santuario,1042
3223,idéntico,1042
3224,Ted,1041
3225,Lucas,1040
3226,hard,1040
3227,proclamar,1040
3228,empleo,1040
3229,característico,1039
3230,comerciante,1039
3231,heinrich,1039
3232,botánica,1038
3233,permiso,1037
3234,Silva,1037
3235,glaciar,1037
3236,sonar,1036
3237,delgado,1036
3238,murray,1036
3239,autopista,1035
3240,practicar,1035
3241,libra,1035
3242,harrison,1035
3243,arqueológico,1035
3244,parker,1035
3245,nube,1035
3246,latina,1034
3247,estatus,1034
3248,sorprender,1033
3249,claramente,1033
3250,jordan,1033
3251,plazo,1033
3252,england,1033
3253,túnel,1032
3254,equilibrio,1032
3255,exclusivamente,1031
3256,grandes,1031
3257,reír,1030
3258,cumbre,1030
3259,telenovela,1029
3260,preocupación,1029
3261,celebración,1028
3262,varón,1027
3263,preciso,1027
3264,negociar,1027
3265,arreglo,1026
3266,god,1026
3267,cuánto,1026
3268,andré,1025
3269,himno,1025
3270,opuesto,1024
3271,César,1024
3272,exigir,1022
3273,magnitud,1022
3274,Cook,1022
3275,report,1021
3276,atleta,1020
3277,aircraft,1020
3278,service,1020
3279,exhibir,1020
3280,delta,1020
3281,cuello,1019
3282,encarcelar,1019
3283,suspender,1018
3284,matriz,1018
3285,saltar,1018
3286,marc,1018
3287,concentrar,1017
3288,nova,1016
3289,church,1016
3290,summer,1016
3291,alcance,1015
3292,luer,1015
3293,escolar,1015
3294,robin,1015
3295,quince,1015
3296,evolucionar,1014
3297,cerebral,1014
3298,moon,1014
3299,just,1013
3300,exclusivo,1013
3301,earth,1012
3302,Gobernador,1011
3303,cocina,1011
3304,alejar,1010
3305,agujero,1010
3306,orientar,1010
3307,carbón,1010
3308,caballería,1009
3309,mineral,1008
3310,francesco,1008
3311,line,1008
3312,gold,1008
3313,sal,1008
3314,racial,1007
3315,Castro,1006
3316,correspondiente,1006
3317,nocturno,1006
3318,erigir,1005
3319,cuántico,1005
3320,johns,1005
3321,pencroff,1005
3322,rumano,1003
3323,habitual,1003
3324,Marruecos,1003
3325,navidad,1003
3326,orchestra,1002
3327,culto,1002
3328,parlamentario,1002
3329,hudson,1002
3330,grammy,1002
3331,parcialmente,1000
3332,conservación,1000
3333,palestino,1000
3334,cristo,1000
3335,tubo,999
3336,mitología,999
3337,xbox,999
3338,pescar,999
3339,explicación,998
3340,esqueleto,998
3341,calabria,998
3342,apartamento,998
3343,aficionar,998
3344,Hamburgo,996
3345,vertical,995
3346,rugby,995
3347,renacimiento,995
3348,law,994
3349,Henri,994
3350,despertar,994
3351,adyacente,994
3352,estrellar,993
3353,Martínez,993
3354,temer,991
3355,men,991
3356,severo,991
3357,dylan,991
3358,cohete,990
3359,cooper,990
3360,conductor,990
3361,hacerse,990
3362,Etiopía,990
3363,estratégico,990
3364,dean,989
3365,suave,988
3366,electricidad,988
3367,business,988
3368,guerrero,987
3369,cuadrado,987
3370,correo,987
3371,gray,987
3372,prácticamente,985
3373,placer,984
3374,queen,983
3375,sinfonía,983
3376,pekín,983
3377,thompson,983
3378,genes,983
3379,lost,982
3380,matthew,982
3381,Melbourne,982
3382,biología,981
3383,li,981
3384,abc,980
3385,sombra,979
3386,Africa,979
3387,Bobby,979
3388,Jamaica,978
3389,climático,978
3390,retener,978
3391,proyectar,978
3392,cama,976
3393,creciente,976
3394,Charlotte,976
3395,bond,976
3396,documentar,976
3397,restauración,976
3398,gabinete,975
3399,coronar,975
3400,creek,975
3401,terry,974
3402,Lituania,973
3403,Ginebra,973
3404,madonna,973
3405,chileno,973
3406,globo,973
3407,emoción,973
3408,senador,973
3409,novelista,972
3410,never,972
3411,morris,972
3412,procedimiento,972
3413,acústico,971
3414,obvio,970
3415,Andrés,970
3416,baby,970
3417,fracaso,969
3418,encantar,969
3419,Uganda,969
3420,panel,969
3421,uniforme,969
3422,circunstancia,969
3423,esencial,968
3424,ilustración,968
3425,Islandia,968
3426,hipótesis,967
3427,batallón,967
3428,derecha,967
3429,between,967
3430,mixto,967
3431,dominante,967
3432,kurt,967
3433,Stanford,966
3434,joan,966
3435,configuración,966
3436,bacteria,966
3437,tyler,965
3438,danny,965
3439,ola,965
3440,nwa,965
3441,gallery,965
3442,herbert,964
3443,consumo,964
3444,contraste,963
3445,retiro,963
3446,checa,963
3447,Napoleón,963
3448,Holanda,962
3449,arnold,962
3450,heredar,962
3451,Robinson,961
3452,dream,961
3453,serpiente,961
3454,barra,961
3455,austriaco,960
3456,through,960
3457,cabecera,960
3458,nodo,959
3459,gerais,958
3460,Mediterráneo,958
3461,ayuntamiento,957
3462,cooperación,957
3463,escalera,957
3464,alternativa,957
3465,inspiración,957
3466,otomano,956
3467,silla,956
3468,turner,956
3469,fabricación,955
3470,Angola,955
3471,confianza,955
3472,Valencia,955
3473,francesa,954
3474,stuttgart,954
3475,ucraniano,954
3476,austríaco,953
3477,hardware,953
3478,parar,952
3479,dublín,952
3480,dick,952
3481,Claudio,952
3482,cirugía,952
3483,arroyo,952
3484,progreso,951
3485,colombiano,950
3486,battle,950
3487,gilbert,949
3488,fijo,948
3489,XI,948
3490,françois,948
3491,ballet,948
3492,manchester,947
3493,restante,947
3494,empire,947
3495,introduction,947
3496,desafío,947
3497,laguna,947
3498,Economía,946
3499,intervención,946
3500,european,946
3501,Córdoba,946
3502,sydney,946
3503,terrible,944
3504,nacionalidad,944
3505,catálogo,944
3506,testigo,942
3507,silver,942
3508,zur,941
3509,hampshire,941
3510,proporción,941
3511,mountain,941
3512,transformación,941
3513,budapest,940
3514,frederick,940
3515,igualmente,940
3516,brigada,940
3517,northern,939
3518,trechus,939
3519,bloquear,939
3520,ocultar,939
3521,Montana,939
3522,originar,938
3523,diálogo,938
3524,Salvador,938
3525,bellas,937
3526,ring,936
3527,apuntar,936
3528,economista,936
3529,demo,935
3530,pájaro,935
3531,brasilero,935
3532,pasión,935
3533,Mozart,935
3534,conciencia,934
3535,enfermo,934
3536,vancouver,933
3537,cbs,933
3538,transferencia,933
3539,Susan,931
3540,desplazar,931
3541,colaborador,931
3542,misterio,930
3543,sorprendente,930
3544,quebec,930
3545,oponer,929
3546,esconder,929
3547,forest,929
3548,arquitectónico,929
3549,georg,929
3550,where,928
3551,march,927
3552,NASA,927
3553,machine,927
3554,voluntad,927
3555,poblacional,927
3556,anciano,927
3557,tortuga,926
3558,post,926
3559,Isaac,925
3560,pistola,925
3561,evolution,924
3562,Sánchez,924
3563,ámsterdam,923
3564,disposición,923
3565,dibujar,923
3566,cover,922
3567,ratón,922
3568,innovación,922
3569,juliano,922
3570,reproducir,922
3571,someter,921
3572,women,921
3573,cargar,920
3574,days,920
3575,she,920
3576,satisfacer,920
3577,racing,920
3578,descarga,919
3579,n,919
3580,andrea,919
3581,arreglar,919
3582,monstruo,918
3583,mito,918
3584,atracción,917
3585,empatar,917
3586,marrón,917
3587,fall,917
3588,G,917
3589,calificar,917
3590,philadelphia,916
3591,major,916
3592,see,916
3593,Honduras,915
3594,constitucional,915
3595,franquicia,915
3596,homer,915
3597,recomendar,915
3598,rob,914
3599,lateral,914
3600,retirada,914
3601,Iván,914
3602,explotar,913
3603,cubano,913
3604,respecto,912
3605,australian,912
3606,jacob,912
3607,cómico,912
3608,edwards,911
3609,perry,911
3610,sucesión,911
3611,plástico,910
3612,invertir,910
3613,emma,910
3614,extinto,910
3615,sustancia,909
3616,fame,909
3617,Dominicana,909
3618,Laura,909
3619,pelear,908
3620,veterano,908
3621,emocional,908
3622,socialisto,908
3623,Macedonia,907
3624,contestar,907
3625,maravilloso,907
3626,girls,907
3627,oponente,906
3628,exilio,906
3629,salvo,906
3630,máscara,905
3631,verlag,905
3632,bailar,905
3633,atp,904
3634,tu,904
3635,siquiera,903
3636,ambiental,903
3637,escuadrón,903
3638,gratuito,903
3639,porción,903
3640,Varsovia,902
3641,beber,902
3642,palma,901
3643,remoto,901
3644,ultimate,901
3645,beatles,901
3646,Rumania,901
3647,norman,901
3648,activar,900
3649,adquisición,900
3650,yale,900
3651,marítimo,899
3652,nicholas,899
3653,cerro,899
3654,Nápoles,899
3655,bros,899
3656,empujar,898
3657,valer,898
3658,than,898
3659,participante,897
3660,Sicilia,897
3661,Mitchell,897
3662,funcionamiento,897
3663,garantizar,896
3664,cárcel,896
3665,depósito,896
3666,dennis,896
3667,ken,896
3668,rachel,896
3669,margen,895
3670,muchacho,894
3671,prince,894
3672,caro,894
3673,implementación,894
3674,ernst,894
3675,reducción,894
3676,gen,894
3677,jurar,893
3678,refugio,893
3679,presuponer,893
3680,traspasar,892
3681,misterioso,892
3682,trece,891
3683,apropiado,891
3684,regalo,890
3685,polar,890
3686,maurice,889
3687,roman,889
3688,predecir,888
3689,mono,888
3690,puntuación,888
3691,Phoenix,888
3692,H,888
3693,interrumpir,888
3694,Yugoslavia,888
3695,margaret,888
3696,aparato,887
3697,espectro,887
3698,hongo,887
3699,copenhague,887
3700,josh,886
3701,reference,886
3702,tesoro,886
3703,Michigan,886
3704,araña,886
3705,Sudán,885
3706,asesor,885
3707,Grove,885
3708,sky,885
3709,denso,884
3710,inundación,884
3711,modificación,883
3712,nuestra,883
3713,lp,883
3714,twitter,883
3715,raw,883
3716,aviación,883
3717,autobús,882
3718,típicamente,882
3719,pata,882
3720,tampoco,882
3721,lisa,882
3722,Guy,882
3723,mezquita,881
3724,cometer,881
3725,corteza,881
3726,ralph,881
3727,springs,880
3728,flash,880
3729,Lyon,880
3730,dieta,880
3731,ludwig,880
3732,fracasar,879
3733,atómico,879
3734,libreto,879
3735,húmedo,879
3736,internet,879
3737,reactor,879
3738,pluma,878
3739,army,878
3740,discográfico,877
3741,arbusto,877
3742,infraestructura,877
3743,nature,877
3744,considerado,876
3745,tokyo,876
3746,espalda,876
3747,marcial,876
3748,tiburón,875
3749,azúcar,875
3750,territorial,875
3751,distinción,875
3752,stars,874
3753,carabus,874
3754,atractivo,874
3755,action,874
3756,Virgen,874
3757,Montevideo,874
3758,wolfgang,874
3759,Clinton,874
3760,head,873
3761,youtube,873
3762,módulo,873
3763,emergencia,873
3764,caliente,873
3765,consciente,873
3766,casco,872
3767,especialista,872
3768,riqueza,872
3769,kiev,872
3770,dramaturgo,871
3771,computer,871
3772,facebook,869
3773,hart,869
3774,jamás,869
3775,silencio,868
3776,enfrentamiento,868
3777,pleno,867
3778,khan,867
3779,echar,867
3780,Ramón,866
3781,ion,865
3782,atlas,865
3783,trasero,865
3784,tommy,865
3785,decreto,864
3786,seúl,864
3787,tesis,864
3788,Giuseppe,864
3789,ignorar,864
3790,herida,864
3791,Tanzania,864
3792,Arabia,863
3793,eficiente,862
3794,lunar,862
3795,neil,861
3796,N,861
3797,desastre,861
3798,retirarse,861
3799,detallar,861
3800,Bush,860
3801,violar,860
3802,costar,860
3803,leonard,860
3804,convencional,859
3805,rally,858
3806,facilitar,858
3807,compatible,858
3808,feat,857
3809,confiar,857
3810,woman,857
3811,number,857
3812,athos,857
3813,express,856
3814,magic,856
3815,lloyd,856
3816,roll,855
3817,telescopio,855
3818,tower,855
3819,atlantic,855
3820,esfera,854
3821,rasgo,854
3822,hermann,853
3823,supervisar,853
3824,finlandés,852
3825,villano,852
3826,reconstrucción,852
3827,apellido,851
3828,darwin,851
3829,beca,851
3830,vincular,851
3831,rodar,851
3832,melodía,851
3833,hits,851
3834,corredor,851
3835,administrador,850
3836,vincent,850
3837,aprendizaje,850
3838,electo,850
3839,Javier,850
3840,harold,849
3841,barrera,848
3842,wall,848
3843,convocar,847
3844,reclutar,847
3845,chart,846
3846,barroco,846
3847,prevenir,846
3848,actualizar,845
3849,estancia,845
3850,june,845
3851,who,843
3852,dragón,843
3853,civilización,843
3854,atlético,843
3855,hebreo,843
3856,electric,842
3857,geographic,842
3858,diamante,842
3859,productions,842
3860,barbara,842
3861,sorpresa,842
3862,orange,841
3863,suburbio,841
3864,minero,841
3865,parámetro,841
3866,work,840
3867,sospechar,840
3868,misisipi,840
3869,actitud,839
3870,pago,839
3871,etiqueta,839
3872,reforzar,839
3873,óptico,839
3874,murciélago,838
3875,funcional,838
3876,cifra,838
3877,blog,838
3878,billete,838
3879,misionero,838
3880,sciences,837
3881,butler,837
3882,Teresa,837
3883,llenar,837
3884,paseriforme,836
3885,baviera,836
3886,acreditar,836
3887,coste,836
3888,jennifer,836
3889,disparo,835
3890,cincuenta,835
3891,gene,835
3892,K,835
3893,carlo,835
3894,Nepal,834
3895,tercio,834
3896,mortal,834
3897,davies,834
3898,fantástico,833
3899,itunes,833
3900,ilegal,833
3901,indian,833
3902,blood,833
3903,craig,832
3904,lane,832
3905,testamento,831
3906,semifinal,831
3907,divorciar,831
3908,islam,830
3909,inventor,830
3910,edit,830
3911,Shakespeare,830
3912,impresionar,830
3913,kenneth,829
3914,ortodoxo,829
3915,funeral,829
3916,legado,829
3917,Negra,829
3918,zealand,829
3919,iraní,828
3920,oso,828
3921,fruta,828
3922,pariente,828
3923,alterar,828
3924,tiro,828
3925,master,827
3926,Estonia,827
3927,espejo,827
3928,censurar,826
3929,septentrional,826
3930,amo,826
3931,adolf,826
3932,consejero,826
3933,sports,825
3934,intervenir,824
3935,office,824
3936,bosnia,824
3937,vasco,824
3938,afluente,824
3939,confundir,824
3940,preparación,823
3941,navegar,823
3942,lennon,823
3943,especificación,823
3944,Raymond,822
3945,stadium,822
3946,selva,822
3947,P,822
3948,side,822
3949,intel,822
3950,finalista,821
3951,bautizar,821
3952,queensland,821
3953,budisto,820
3954,publicidad,820
3955,radar,820
3956,richards,820
3957,reed,819
3958,estructural,819
3959,arroz,819
3960,pastor,819
3961,potter,818
3962,adición,817
3963,antecedente,817
3964,wang,817
3965,dinámico,817
3966,works,817
3967,ronald,816
3968,pena,816
3969,hierba,816
3970,costumbre,816
3971,legislativo,815
3972,socialista,815
3973,paseo,815
3974,rolling,814
3975,fauna,814
3976,lobo,813
3977,computación,813
3978,Ernest,813
3979,model,813
3980,Nicaragua,812
3981,corporación,812
3982,rendir,812
3983,concebir,812
3984,meseta,812
3985,Sevilla,811
3986,aceite,810
3987,claude,810
3988,psicología,810
3989,erupción,809
3990,escaso,809
3991,Díaz,809
3992,Marte,809
3993,Líbano,809
3994,april,808
3995,ritual,808
3996,cineasta,807
3997,wagner,807
3998,reptil,806
3999,nieve,806
4000,autorizar,805
4001,owen,805
4002,valioso,804
4003,enterar,804
4004,use,804
4005,main,804
4006,examen,804
4007,automático,804
4008,german,804
4009,Camerún,804
4010,vapor,804
4011,rogers,803
4012,pecho,803
4013,filmografía,803
4014,fiscal,803
4015,ancient,803
4016,full,802
4017,acudir,802
4018,IX,802
4019,magia,802
4020,biography,802
4021,Roland,801
4022,naturalista,801
4023,sensación,801
4024,incremento,801
4025,sobreviviente,801
4026,U,800
4027,airways,800
4028,síntoma,800
4029,á,800
4030,persa,800
4031,dee,799
4032,Caracas,799
4033,Luxemburgo,799
4034,mafia,799
4035,nervioso,798
4036,secret,798
4037,plants,797
4038,water,797
4039,edimburgo,797
4040,empleado,797
4041,vols,796
4042,july,796
4043,dialecto,796
4044,lección,796
4045,play,796
4046,during,795
4047,tomo,794
4048,geometría,794
4049,case,794
4050,asedio,794
4051,fantasma,793
4052,renault,793
4053,made,793
4054,teología,792
4055,acta,792
4056,leo,792
4057,llanura,792
4058,mirada,791
4059,culpar,791
4060,nórdico,791
4061,Edgar,791
4062,winter,791
4063,more,790
4064,latin,790
4065,autónoma,790
4066,multitud,790
4067,precisión,790
4068,mandíbula,790
4069,French,790
4070,soprano,789
4071,guión,789
4072,peruano,789
4073,estadística,789
4074,division,789
4075,evidente,789
4076,constantinopla,789
4077,remontar,788
4078,león,786
4079,vegetal,786
4080,detective,786
4081,serial,786
4082,esquema,786
4083,euro,786
4084,cazador,786
4085,five,785
4086,meter,785
4087,listo,785
4088,secuestrar,784
4089,insistir,784
4090,languages,784
4091,carecer,783
4092,Rey,783
4093,proveniente,782
4094,subterráneo,781
4095,crónico,780
4096,avenue,780
4097,monotípico,780
4098,protestante,780
4099,future,780
4100,Sergio,779
4101,labor,779
4102,nancy,779
4103,primitivo,779
4104,décimo,778
4105,tigre,778
4106,polvo,778
4107,computador,778
4108,rosario,778
4109,ruido,777
4110,Carmen,777
4111,Julio,777
4112,fino,777
4113,pennsylvania,776
4114,infinito,775
4115,abreviar,775
4116,stuart,775
4117,infección,774
4118,bus,774
4119,mantenimiento,774
4120,helen,774
4121,demostración,773
4122,against,773
4123,h,773
4124,soltero,773
4125,préstamo,773
4126,uruguayo,773
4127,roberts,772
4128,comarca,771
4129,storm,770
4130,Júpiter,770
4131,canadian,770
4132,diputado,770
4133,fortuna,769
4134,recuperación,769
4135,children,769
4136,nbc,769
4137,través,769
4138,ocasionalmente,769
4139,venganza,768
4140,johannes,768
4141,toro,768
4142,grace,768
4143,cartucho,768
4144,sultán,768
4145,diversidad,767
4146,wood,767
4147,lejano,767
4148,dentro,766
4149,harvey,766
4150,SS,766
4151,humor,765
4152,fisher,765
4153,kings,765
4154,homónimo,765
4155,vendar|vender,765
4156,village,765
4157,retorno,764
4158,diccionario,764
4159,raven,764
4160,convento,764
4161,desplegar,763
4162,muralla,762
4163,vegas,762
4164,reemplazo,761
4165,want,761
4166,arrojar,761
4167,oregón,761
4168,enzima,761
4169,nacionalista,761
4170,especificar,760
4171,estrechamente,759
4172,these,759
4173,croata,759
4174,bridge,759
4175,semanal,758
4176,filial,758
4177,tna,757
4178,conmemorar,757
4179,evaluar,757
4180,georges,757
4181,hectárea,757
4182,change,757
4183,catalán,757
4184,asteroide,757
4185,legendario,755
4186,pico,755
4187,atender,755
4188,mind,755
4189,Sofía,755
4190,complejidad,755
4191,deutsche,755
4192,gastar,755
4193,bot,754
4194,reservar,754
4195,directora,753
4196,cumpleaños,753
4197,sweet,752
4198,ascendencia,752
4199,Pete,751
4200,norton,751
4201,here,751
4202,conservatorio,751
4203,trío,751
4204,robo,751
4205,L,751
4206,Ghana,750
4207,defensivo,750
4208,Chipre,750
4209,watson,750
4210,short,749
4211,let,749
4212,bombardeo,749
4213,deber|debido,749
4214,renombrado,749
4215,track,749
4216,hope,748
4217,instancia,748
4218,nº,748
4219,Gómez,748
4220,Víctor,747
4221,stark,747
4222,station,747
4223,herencia,747
4224,hugh,747
4225,Oslo,747
4226,tributo,746
4227,mccartney,746
4228,alrededores,746
4229,bruno,746
4230,músculo,745
4231,cometa,745
4232,potente,745
4233,gótico,745
4234,rodaje,745
4235,provisional,745
4236,limited,744
4237,alpha,744
4238,got,743
4239,Venus,743
4240,recto,743
4241,porcentaje,743
4242,percibir,742
4243,accesible,742
4244,orientación,742
4245,enfocar,742
4246,Haití,742
4247,aprobación,742
4248,disciplina,741
4249,wwf,741
4250,morrison,741
4251,restricción,741
4252,justin,741
4253,predecesor,741
4254,significativamente,741
4255,fantasía,741
4256,haberse,740
4257,take,740
4258,respetar,740
4259,embajada,739
4260,castellano,739
4261,website,738
4262,demonio,738
4263,management,738
4264,adecuar,738
4265,handbook,738
4266,pulgada,737
4267,manifestación,737
4268,complete,737
4269,reproducción,737
4270,acumular,736
4271,Toledo,736
4272,ártico,736
4273,intermedio,736
4274,rana,736
4275,violación,736
4276,economic,736
4277,dei,736
4278,bull,735
4279,used,735
4280,Augusto,735
4281,cross,735
4282,acerca,735
4283,F,735
4284,obenberger,734
4285,hughes,734
4286,portar,734
4287,rascacielos,734
4288,Guerrero,734
4289,masacre,733
4290,luke,733
4291,Diana,733
4292,centímetro,732
4293,nfl,732
4294,diferir,732
4295,Liverpool,732
4296,casarse,732
4297,totalidad,731
4298,palm,731
4299,votación,731
4300,know,731
4301,suministrar,731
4302,Tobago,731
4303,gestionar,731
4304,horror,730
4305,Portland,730
4306,armadura,730
4307,cirujano,730
4308,Aragón,729
4309,ámbito,729
4310,politics,728
4311,before,728
4312,fachada,728
4313,chuck,728
4314,lógico,727
4315,Naciones,727
4316,crucero,726
4317,chinese,726
4318,joey,726
4319,Mariano,726
4320,Catedral,725
4321,education,725
4322,implementar,725
4323,coast,725
4324,encontrarse,725
4325,terrorista,725
4326,campesino,723
4327,René,723
4328,african,723
4329,turista,723
4330,estallar,722
4331,híbrido,722
4332,escape,722
4333,deep,722
4334,confederación,721
4335,eastern,721
4336,montón,721
4337,vampiro,720
4338,ward,720
4339,palo,720
4340,efectuar,720
4341,abundante,720
4342,acoger,720
4343,meta,720
4344,alcohol,720
4345,distintivo,720
4346,naranja,719
4347,Greg,719
4348,Marcos,719
4349,síntesis,719
4350,yarda,719
4351,ejercicio,718
4352,almirante,718
4353,cuidar,718
4354,refugiado,718
4355,building,718
4356,simultáneamente,718
4357,antigüedad,717
4358,especies,717
4359,basarse,716
4360,mordellistena,716
4361,alfabeto,716
4362,hip,716
4363,charla,715
4364,comercializar,715
4365,faltar,715
4366,sudoeste,715
4367,abordar,715
4368,Gregorio,715
4369,Túnez,715
4370,middle,714
4371,pour,714
4372,knight,713
4373,bala,713
4374,sex,713
4375,planet,713
4376,Alpes,712
4377,clínico,712
4378,entretenimiento,712
4379,hockey,712
4380,española,712
4381,binario,712
4382,political,712
4383,vital,711
4384,Azerbaiyán,711
4385,inusual,711
4386,powell,711
4387,agencia,710
4388,consistente,710
4389,retornar,710
4390,macmillan,710
4391,cinturón,710
4392,extinción,710
4393,elogiar,710
4394,teorema,709
4395,prefectura,709
4396,la,709
4397,ted,708
4398,baño,708
4399,odiar,708
4400,money,707
4401,Chad,707
4402,triunfo,707
4403,foro,707
4404,sullivan,707
4405,culpable,706
4406,clarke,706
4407,published,706
4408,materno,706
4409,again,705
4410,Randy,705
4411,restringir,705
4412,spencer,704
4413,Xavier,704
4414,juzgar,704
4415,vila,704
4416,tranquilo,704
4417,many,703
4418,Vicente,703
4419,mansión,703
4420,aterrizar,703
4421,conversión,703
4422,humar,702
4423,sabor,702
4424,off,702
4425,cuartel,702
4426,Catalina,701
4427,navy,701
4428,Elena,701
4429,deuda|deudo,701
4430,té,701
4431,integral,701
4432,esencialmente,700
4433,decisivo,700
4434,Jaime,700
4435,lógica,699
4436,patente,699
4437,advertir,699
4438,biblia,699
4439,venezolano,699
4440,genoma,699
4441,folk,698
4442,regularmente,698
4443,promocionar,697
4444,Sancho,697
4445,hulk,697
4446,J,697
4447,directivo,697
4448,taxonomía,697
4449,bowl,697
4450,camión,696
4451,comandar,696
4452,recurrente,696
4453,pabellón,696
4454,templar,696
4455,subfamilia,696
4456,Leonardo,695
4457,unificar,695
4458,fan,695
4459,daily,694
4460,falls,694
4461,rebote,694
4462,Granada,694
4463,gerente,694
4464,say,694
4465,movie,694
4466,huelga,693
4467,jesse,693
4468,wcw,693
4469,leal,693
4470,controlador,692
4471,jurisdicción,692
4472,koch,692
4473,legión,692
4474,hop,692
4475,residencial,692
4476,analysis,692
4477,ferroviario,692
4478,films,691
4479,hermanar,691
4480,judicial,691
4481,tercera,691
4482,cairo,690
4483,todd,690
4484,duke,690
4485,actualización,690
4486,subsidiario,689
4487,eyes,689
4488,maya,689
4489,prix,689
4490,run,689
4491,patio,689
4492,rotación,688
4493,facer,688
4494,astronómico,688
4495,alfa,688
4496,cobertura,688
4497,Newton,688
4498,facción,687
4499,cerdo,687
4500,pilar,687
4501,hunter,687
4502,designación,686
4503,integrante,686
4504,court,685
4505,concreto,685
4506,docena,685
4507,ph,685
4508,desembocadura,685
4509,would,685
4510,plant,685
4511,taxonomic,684
4512,viuda|viudo,684
4513,nebraska,684
4514,pila,684
4515,pirata,684
4516,mis,684
4517,Bernardo,684
4518,apreciar,683
4519,oración,683
4520,vosotros,683
4521,cuarenta,683
4522,Betty,683
4523,intensidad,683
4524,altar,683
4525,catherine,683
4526,monarquía,682
4527,tardío,682
4528,hambre,682
4529,october,682
4530,doctrina,682
4531,name,682
4532,delegar,682
4533,definitivo,681
4534,plantar,681
4535,gusto,681
4536,figurar,681
4537,martha,681
4538,au,681
4539,partidario,680
4540,láser,680
4541,grano,679
4542,gregory,679
4543,Mendoza,679
4544,rata,679
4545,wolf,679
4546,idaho,678
4547,Esteban,678
4548,ein,678
4549,araneus,678
4550,revolution,678
4551,anarquista,678
4552,Denver,678
4553,health,677
4554,beta,677
4555,observador,677
4556,ajustar,676
4557,temporalmente,676
4558,felicidad,675
4559,curar,675
4560,essays,675
4561,evaluación,675
4562,aterrizaje,675
4563,Eva,675
4564,integración,675
4565,cierre,675
4566,Abraham,674
4567,hombro,674
4568,favorable,674
4569,bird,674
4570,primera,673
4571,ancestro,673
4572,vidrio,673
4573,Zambia,673
4574,Walt,673
4575,prestigioso,673
4576,gravedad,672
4577,vuestra,672
4578,sebastian,671
4579,hp,671
4580,spring,671
4581,Colin,671
4582,Mongolia,670
4583,marfil,670
4584,aproximación,670
4585,obrero,670
4586,cobre,669
4587,wallace,669
4588,cristianismo,669
4589,Sebastián,669
4590,leon,669
4591,considerablemente,668
4592,progresivo,668
4593,bryan,668
4594,cresta,667
4595,another,667
4596,dragon,667
4597,afirmación,667
4598,japanese,667
4599,montgomery,666
4600,casino,666
4601,Mozambique,666
4602,alegre,666
4603,adrian,666
4604,promediar,665
4605,reinar,665
4606,six,665
4607,traductor,665
4608,murphy,665
4609,hemisferio,665
4610,anton,664
4611,jam,664
4612,Orlando,664
4613,place,664
4614,rudolf,664
4615,psicológico,664
4616,almacenamiento,664
4617,kid,664
4618,respectivo,663
4619,gustav,663
4620,derribar,663
4621,mobile,663
4622,Alicia,663
4623,gradualmente,662
4624,ok,662
4625,conference,662
4626,haz,662
4627,government,662
4628,trade,661
4629,hell,661
4630,Argelia,661
4631,Tomás,661
4632,extrañar,661
4633,habla,661
4634,estimación,660
4635,arcade,660
4636,tel,660
4637,robots,660
4638,us,659
4639,desafiar,659
4640,giro,659
4641,aaron,659
4642,westminster,659
4643,vector,658
4644,september,658
4645,Ernesto,658
4646,pozo,657
4647,masters,657
4648,uefa,657
4649,Alonso,657
4650,shelley,657
4651,singlar,657
4652,_,657
4653,acelerar,656
4654,das,656
4655,marcus,656
4656,escalar,655
4657,montañoso,655
4658,envolver,655
4659,hd,655
4660,Ignacio,655
4661,similitud,655
4662,corrupción,654
4663,kiss,654
4664,fiel,654
4665,elefante,654
4666,Margarita,653
4667,medición,653
4668,cohen,653
4669,feudo,653
4670,finanza,653
4671,nicolas,652
4672,energy,652
4673,Pittsburgh,652
4674,plantear,652
4675,roosevelt,652
4676,guiar,652
4677,discípulo,652
4678,moderar,651
4679,child,651
4680,bart,651
4681,licenciatura,651
4682,repertorio,651
4683,tracks,651
4684,right,650
4685,impresionante,650
4686,cameron,650
4687,impulso,650
4688,paraná,650
4689,Siberia,649
4690,rap,649
4691,site,649
4692,shaw,649
4693,cena,648
4694,afueras,648
4695,válido,648
4696,portal,648
4697,diagrama,648
4698,frontal,647
4699,penguin,647
4700,pink,647
4701,equivocar,647
4702,grueso,646
4703,Albania,646
4704,procesamiento,646
4705,desarrolladores,646
4706,aparente,646
4707,survey,645
4708,ag,645
4709,federation,645
4710,whitney,645
4711,merced,644
4712,retrasar,644
4713,bola,644
4714,encostar|encuestar,644
4715,harper,643
4716,pdf,643
4717,harbert,643
4718,llave,643
4719,roso,643
4720,shows,643
4721,Foster,643
4722,principado,643
4723,Birmania,643
4724,camp,642
4725,christmas,642
4726,kate,642
4727,Libia,642
4728,ira,642
4729,come,641
4730,gasto,641
4731,kirk,641
4732,filipino,641
4733,platino,641
4734,Bangladesh,641
4735,basic,641
4736,definitivamente,641
4737,recolectar,640
4738,arsenal,640
4739,embarcar,640
4740,era,640
4741,bristol,640
4742,grey,639
4743,around,639
4744,leche,639
4745,minoría,639
4746,Luisa,639
4747,abogar,639
4748,honrar,638
4749,ciego,638
4750,community,638
4751,ecológico,638
4752,dog,638
4753,zoológico,638
4754,saudito,638
4755,elliott,638
4756,doblar,637
4757,calificación,637
4758,vínculo,637
4759,batir,637
4760,sons,636
4761,such,636
4762,exportación,636
4763,article,635
4764,fischer,635
4765,fantasy,635
4766,romanzar,635
4767,horizonte,635
4768,sábado,634
4769,gemelo,634
4770,promesa,634
4771,municipalidad,634
4772,philippe,634
4773,fibra,634
4774,sídney,634
4775,navegación,633
4776,anfitrión,633
4777,complicar,633
4778,make,632
4779,Glenn,632
4780,late,632
4781,honda,632
4782,oral,632
4783,pages,632
4784,competidor,632
4785,wu,631
4786,still,631
4787,audición,631
4788,council,631
4789,third,631
4790,rhododendron,631
4791,stan,631
4792,cromosoma,630
4793,jamie,630
4794,estabilidad,630
4795,carro,630
4796,december,630
4797,fichar,630
4798,being,630
4799,coger,630
4800,exiliar,629
4801,librar,629
4802,han,629
4803,bennett,628
4804,gritar,628
4805,rivera,628
4806,juguete,628
4807,wells,628
4808,ngc,628
4809,literature,628
4810,military,628
4811,Alfredo,627
4812,joão,627
4813,alimentación,627
4814,mount,627
4815,missouri,627
4816,Palermo,627
4817,botella,627
4818,hunt,626
4819,proyección,626
4820,supremo,626
4821,filosófico,626
4822,decorar,626
4823,dans,625
4824,revuelta,625
4825,impact,625
4826,philosophy,625
4827,shah,624
4828,malcolm,624
4829,kingdom,624
4830,ametralladora,624
4831,small,623
4832,amsterdam,623
4833,invisible,623
4834,birmingham,623
4835,donación,623
4836,manifestar,623
4837,codificar,623
4838,vi,623
4839,armenia,623
4840,banks,623
4841,roja,623
4842,recopilatorio,622
4843,information,622
4844,tardar,622
4845,hormiga,622
4846,text,621
4847,tree,621
4848,excluir,621
4849,Agustín,621
4850,Occidente,621
4851,Félix,621
4852,táctica,620
4853,next,620
4854,neurona,620
4855,allan,620
4856,suite,620
4857,fighting,620
4858,poético,620
4859,medicamento,618
4860,pietro,618
4861,oscuridad,618
4862,horizontal,618
4863,seminario,618
4864,sumar,617
4865,sensible,617
4866,diamond,617
4867,granito|grano,617
4868,independientemente,617
4869,cole,617
4870,vacación,617
4871,november,616
4872,Arturo,616
4873,Andalucía,616
4874,triángulo,616
4875,defecto,616
4876,monarca,616
4877,abu,615
4878,test,615
4879,singles,615
4880,Vladimir,615
4881,Senegal,615
4882,vegetación,614
4883,price,614
4884,ayudante,614
4885,bonus,614
4886,comediante,614
4887,mago,613
4888,hit,613
4889,mariposa,613
4890,superman,613
4891,tragedia,613
4892,ingrediente,613
4893,autonomía,613
4894,quedarse,613
4895,constructor,612
4896,daleks,611
4897,serbia,611
4898,seven,611
4899,xxi,611
4900,Erik,610
4901,sindicato,610
4902,consumir,610
4903,happy,610
4904,pantano,610
4905,marion,610
4906,mason,610
4907,benth,610
4908,circulación,609
4909,divino,609
4910,milady,609
4911,intervalo,609
4912,theater,608
4913,über,608
4914,catorce,608
4915,gertsch,608
4916,CA,607
4917,jake,607
4918,encender,607
4919,without,606
4920,resistir,606
4921,Joaquín,606
4922,subsp,605
4923,preso,605
4924,identificación,605
4925,emerger,605
4926,agudo,605
4927,cesar,605
4928,silvestre,605
4929,barato,604
4930,interview,604
4931,Jeremy,604
4932,patrocinar,604
4933,erudito,603
4934,pasaje,603
4935,glasgow,603
4936,amateur,603
4937,planificación,603
4938,celda,603
4939,britain,603
4940,sentencia,602
4941,eficaz,602
4942,británica,602
4943,W,602
4944,mars,602
4945,franja,602
4946,area,602
4947,Bogotá,602
4948,necesariamente,601
4949,genus,601
4950,superviviente,601
4951,suicidar,601
4952,migración,600
4953,nobleza,600
4954,translation,600
4955,pat,600
4956,Sudamérica,600
4957,narrar,600
4958,joel,600
4959,obama,600
4960,obrar,599
4961,Antártida,599
4962,Camboya,599
4963,optar,599
4964,embarazar,599
4965,Stalin,598
4966,seudónimo,598
4967,beck,598
4968,carroll,598
4969,including,598
4970,partitura,598
4971,julian,598
4972,fanerógamas,597
4973,abstracto,597
4974,wikipedia,597
4975,regulación,597
4976,consumidor,597
4977,rangers,597
4978,respeto,597
4979,bang,597
4980,zu,596
4981,hundir,596
4982,Emilio,596
4983,turín,596
4984,freedom,596
4985,clay,596
4986,deportista,595
4987,checo,595
4988,lujo,595
4989,box,595
4990,procesar,594
4991,adjunto,594
4992,aportar,594
4993,homosexual,594
4994,viernes,594
4995,manipular,594
4996,ferdinand,594
4997,eliminación,593
4998,heaven,593
4999,adecuado,593
